2026-04-24 23:26:01,043 INFO prediction_event type=shipment_prediction payload={"shipment_id": "f2154072-da52-0c98-7d9f-75a159402358", "tracking_number": "SC9725427", "risk_score": 0.98, "predicted_eta": "2025-12-29 13:54", "anomaly_detected": true}
2026-04-24 23:26:01,045 INFO prediction_event type=shipment_prediction payload={"shipment_id": "ed17a4e6-61f6-1749-e3b2-79b5a72db854", "tracking_number": "SC4383985", "risk_score": 0.9241, "predicted_eta": "2026-04-12 23:58", "anomaly_detected": true}
2026-04-24 23:26:11,279 INFO request path=/api/weather/route-advisories method=GET status=200 duration_ms=16.85
2026-04-24 23:26:11,280 INFO request path=/api/weather method=GET status=200 duration_ms=2.05
2026-04-24 23:26:11,280 INFO request path=/api/shipments/stats method=GET status=200 duration_ms=20.28
2026-04-24 23:26:11,340 INFO request path=/api/shipments method=GET status=200 duration_ms=80.40
2026-04-24 23:26:11,344 INFO request path=/api/alerts method=GET status=200 duration_ms=83.04
2026-04-24 23:26:11,346 INFO request path=/api/analytics/kpis method=GET status=200 duration_ms=66.40
2026-04-24 23:26:11,384 INFO request path=/api/analytics/carrier-performance method=GET status=200 duration_ms=37.56
2026-04-24 23:26:11,385 INFO request path=/api/analytics/monthly-trends method=GET status=200 duration_ms=36.78
2026-04-24 23:26:11,385 INFO request path=/api/analytics/region-disruptions method=GET status=200 duration_ms=36.91
2026-04-24 23:26:11,386 INFO request path=/api/analytics/ai-insights method=GET status=200 duration_ms=4.55
2026-04-24 23:26:11,386 INFO request path=/api/routes/cities method=GET status=200 duration_ms=3.20
2026-04-24 23:26:13,519 INFO prediction_event type=shipment_prediction payload={"shipment_id": "d7e17530-163b-b952-84c4-76b452be8b2d", "tracking_number": "SC2823462", "risk_score": 0.98, "predicted_eta": "2026-04-13 07:34", "anomaly_detected": true}
2026-04-24 23:26:19,712 INFO prediction_event type=shipment_prediction payload={"shipment_id": "ac2e118b-a253-9aa7-93d8-87f63e83e0e8", "tracking_number": "SC5819902", "risk_score": 0.98, "predicted_eta": "2026-04-19 16:36", "anomaly_detected": true}
2026-04-24 23:26:22,990 INFO prediction_event type=shipment_prediction payload={"shipment_id": "3de82642-9819-bc14-fe97-8ea1b244b4d9", "tracking_number": "SC9356880", "risk_score": 0.98, "predicted_eta": "2026-04-03 14:27", "anomaly_detected": true}
2026-04-24 23:26:22,992 INFO prediction_event type=shipment_prediction payload={"shipment_id": "8305f3b8-cb44-7c18-0636-6d05d3df81df", "tracking_number": "SC2727353", "risk_score": 0.98, "predicted_eta": "2026-04-16 23:50", "anomaly_detected": true}
2026-04-24 23:26:22,993 INFO prediction_event type=shipment_prediction payload={"shipment_id": "b8ac0cc7-edfa-bbfb-a323-4ad9e717ae1b", "tracking_number": "SC1884158", "risk_score": 0.98, "predicted_eta": "2026-04-12 21:34", "anomaly_detected": true}
2026-04-24 23:26:22,995 INFO prediction_event type=shipment_prediction payload={"shipment_id": "46d0dc9e-14ba-b0be-c677-eb26f6dfcc8b", "tracking_number": "SC6759541", "risk_score": 0.98, "predicted_eta": "2026-04-17 03:01", "anomaly_detected": true}
2026-04-24 23:26:22,996 INFO prediction_event type=shipment_prediction payload={"shipment_id": "ad92ed40-4146-3063-267b-7cdf6c0cc008", "tracking_number": "SC7428419", "risk_score": 0.98, "predicted_eta": "2026-04-13 03:38", "anomaly_detected": true}
2026-04-24 23:26:22,997 INFO prediction_event type=shipment_prediction payload={"shipment_id": "0cee9ac0-54ec-385b-8be7-c49b9507c5a9", "tracking_number": "SC6066316", "risk_score": 0.98, "predicted_eta": "2026-04-13 14:02", "anomaly_detected": true}
2026-04-24 23:26:22,998 INFO prediction_event type=shipment_prediction payload={"shipment_id": "c2a1537d-2739-b5b7-aace-78804c71b70c", "tracking_number": "SC3592770", "risk_score": 0.98, "predicted_eta": "2026-04-12 23:05", "anomaly_detected": true}
2026-04-24 23:26:22,999 INFO prediction_event type=shipment_prediction payload={"shipment_id": "dcf8df2b-171e-8050-b5f3-51346ec46b34", "tracking_number": "SC5227231", "risk_score": 0.98, "predicted_eta": "2026-04-13 03:03", "anomaly_detected": true}
2026-04-24 23:26:22,999 INFO prediction_event type=shipment_prediction payload={"shipment_id": "355b60c8-03f4-1a10-b325-19b9c3ea29c0", "tracking_number": "SC1567681", "risk_score": 0.98, "predicted_eta": "2026-04-13 05:58", "anomaly_detected": true}
2026-04-24 23:26:23,000 INFO prediction_event type=shipment_prediction payload={"shipment_id": "bef89416-b340-dee4-858b-b058861516e4", "tracking_number": "SC2718790", "risk_score": 0.98, "predicted_eta": "2026-04-18 13:59", "anomaly_detected": true}
2026-04-24 23:26:23,001 INFO prediction_event type=shipment_prediction payload={"shipment_id": "757ba228-4aa3-8bf7-8460-afd8280e4fe7", "tracking_number": "SC7326407", "risk_score": 0.98, "predicted_eta": "2026-04-17 13:20", "anomaly_detected": true}
2026-04-24 23:26:23,002 INFO prediction_event type=shipment_prediction payload={"shipment_id": "eb6ecabb-0601-b97d-87ab-25a00d294626", "tracking_number": "SC2507240", "risk_score": 0.98, "predicted_eta": "2026-04-14 16:48", "anomaly_detected": true}
2026-04-24 23:26:23,003 INFO prediction_event type=shipment_prediction payload={"shipment_id": "314f1bd8-4570-558a-3c40-af2b7173fea9", "tracking_number": "SC3411224", "risk_score": 0.98, "predicted_eta": "2026-04-24 06:06", "anomaly_detected": true}
2026-04-24 23:26:23,003 INFO prediction_event type=shipment_prediction payload={"shipment_id": "5c43c3ad-92a6-f388-a957-70b1097c7bda", "tracking_number": "SC8698608", "risk_score": 0.98, "predicted_eta": "2025-11-14 18:49", "anomaly_detected": true}
2026-04-24 23:26:23,004 INFO prediction_event type=shipment_prediction payload={"shipment_id": "3d8f8a80-416f-d034-2a66-82f92defabbb", "tracking_number": "SC8312197", "risk_score": 0.98, "predicted_eta": "2026-04-13 08:09", "anomaly_detected": true}
2026-04-24 23:26:23,004 INFO prediction_event type=shipment_prediction payload={"shipment_id": "5a69d681-63f7-585c-d298-74d8b9a884f5", "tracking_number": "SC7778975", "risk_score": 0.98, "predicted_eta": "2026-04-18 06:14", "anomaly_detected": true}
2026-04-24 23:26:23,005 INFO prediction_event type=shipment_prediction payload={"shipment_id": "af11062c-ff8e-0832-4307-acab29c4ddfc", "tracking_number": "SC1267889", "risk_score": 0.98, "predicted_eta": "2026-04-14 01:17", "anomaly_detected": true}
2026-04-24 23:26:23,010 INFO prediction_event type=shipment_prediction payload={"shipment_id": "836e7873-666b-cf5c-5cea-eeea4af4caa5", "tracking_number": "SC2364887", "risk_score": 0.98, "predicted_eta": "2026-04-15 12:31", "anomaly_detected": true}
2026-04-24 23:26:23,010 INFO prediction_event type=shipment_prediction payload={"shipment_id": "50290c56-bb6b-a5a5-d538-f3f08605b01f", "tracking_number": "SC4529213", "risk_score": 0.98, "predicted_eta": "2026-04-26 09:37", "anomaly_detected": true}
2026-04-24 23:26:23,011 INFO prediction_event type=shipment_prediction payload={"shipment_id": "cb8876e7-22c6-a753-787f-49469e5bdd70", "tracking_number": "SC8328873", "risk_score": 0.98, "predicted_eta": "2026-04-21 09:23", "anomaly_detected": true}
2026-04-24 23:26:23,011 INFO prediction_event type=shipment_prediction payload={"shipment_id": "ebe05d73-8d74-96f3-aa36-a1729dd7ac92", "tracking_number": "SC2013474", "risk_score": 0.98, "predicted_eta": "2026-04-13 13:13", "anomaly_detected": true}
2026-04-24 23:26:23,012 INFO prediction_event type=shipment_prediction payload={"shipment_id": "30b1fc87-1db5-efc7-2962-3cda4415e215", "tracking_number": "SC2207013", "risk_score": 0.98, "predicted_eta": "2026-04-13 21:43", "anomaly_detected": true}
2026-04-24 23:26:23,023 INFO prediction_event type=shipment_prediction payload={"shipment_id": "e3bde622-f5f0-4fd3-734c-3ed049928aeb", "tracking_number": "SC1676620", "risk_score": 0.98, "predicted_eta": "2026-04-12 20:57", "anomaly_detected": true}
2026-04-24 23:26:23,025 INFO prediction_event type=shipment_prediction payload={"shipment_id": "d7e17530-163b-b952-84c4-76b452be8b2d", "tracking_number": "SC2823462", "risk_score": 0.98, "predicted_eta": "2026-04-13 07:34", "anomaly_detected": true}
2026-04-24 23:26:23,026 INFO prediction_event type=shipment_prediction payload={"shipment_id": "6dc7a4df-9ca5-b26a-e679-6355f126a83d", "tracking_number": "SC4180265", "risk_score": 0.98, "predicted_eta": "2025-10-14 07:52", "anomaly_detected": true}
2026-04-24 23:26:23,026 INFO prediction_event type=shipment_prediction payload={"shipment_id": "ef0c54b0-054a-7865-532e-b1b16e6aa115", "tracking_number": "SC7564005", "risk_score": 0.98, "predicted_eta": "2026-04-18 08:45", "anomaly_detected": true}
2026-04-24 23:26:23,027 INFO prediction_event type=shipment_prediction payload={"shipment_id": "cf795608-6aca-22e1-e193-ae1bf97edff8", "tracking_number": "SC1780946", "risk_score": 0.98, "predicted_eta": "2026-04-18 08:50", "anomaly_detected": true}
2026-04-24 23:26:23,027 INFO prediction_event type=shipment_prediction payload={"shipment_id": "0cef1704-c5ab-852b-f9b7-7592478823ca", "tracking_number": "SC8315702", "risk_score": 0.98, "predicted_eta": "2026-04-13 06:49", "anomaly_detected": true}
2026-04-24 23:26:23,027 INFO prediction_event type=shipment_prediction payload={"shipment_id": "54edc0ca-7a83-f020-6cd0-dbc316ce904c", "tracking_number": "SC5357875", "risk_score": 0.98, "predicted_eta": "2026-04-16 05:23", "anomaly_detected": true}
2026-04-24 23:26:23,028 INFO prediction_event type=shipment_prediction payload={"shipment_id": "1c6bdf9d-620a-a911-6b50-593e709f2390", "tracking_number": "SC5617805", "risk_score": 0.98, "predicted_eta": "2026-04-19 14:31", "anomaly_detected": true}
2026-04-24 23:26:23,028 INFO prediction_event type=shipment_prediction payload={"shipment_id": "f91c8a3e-444d-afef-30e1-d790492f7da8", "tracking_number": "SC6642481", "risk_score": 0.98, "predicted_eta": "2026-04-16 09:41", "anomaly_detected": true}
2026-04-24 23:26:23,028 INFO prediction_event type=shipment_prediction payload={"shipment_id": "4be4040d-3b28-ad0b-c8ff-2a37bc6af8c1", "tracking_number": "SC1815854", "risk_score": 0.98, "predicted_eta": "2025-10-21 19:29", "anomaly_detected": true}
2026-04-24 23:26:23,028 INFO prediction_event type=shipment_prediction payload={"shipment_id": "f5a76411-2ebb-b125-41c8-76439a8c8963", "tracking_number": "SC4154773", "risk_score": 0.98, "predicted_eta": "2026-01-14 09:55", "anomaly_detected": true}
2026-04-24 23:26:23,029 INFO prediction_event type=shipment_prediction payload={"shipment_id": "d9b9205f-bb27-6ac5-13ff-a285c970e809", "tracking_number": "SC1599184", "risk_score": 0.98, "predicted_eta": "2026-04-13 00:17", "anomaly_detected": true}
2026-04-24 23:26:23,030 INFO prediction_event type=shipment_prediction payload={"shipment_id": "c06bf170-8938-a564-8978-5fa2096b319b", "tracking_number": "SC3015144", "risk_score": 0.98, "predicted_eta": "2026-04-13 00:58", "anomaly_detected": true}
2026-04-24 23:26:23,030 INFO prediction_event type=shipment_prediction payload={"shipment_id": "d69b4276-6799-1965-3ac2-15f7bc565578", "tracking_number": "SC7482139", "risk_score": 0.98, "predicted_eta": "2026-04-16 17:48", "anomaly_detected": true}
2026-04-24 23:26:23,030 INFO prediction_event type=shipment_prediction payload={"shipment_id": "7b086a4f-5e62-14d8-b594-273bc364a918", "tracking_number": "SC3078468", "risk_score": 0.98, "predicted_eta": "2026-04-13 00:05", "anomaly_detected": true}
2026-04-24 23:26:23,031 INFO prediction_event type=shipment_prediction payload={"shipment_id": "c3f90c3d-f5e3-a004-05a9-d572be1c55a9", "tracking_number": "SC8461923", "risk_score": 0.98, "predicted_eta": "2026-04-14 10:13", "anomaly_detected": true}
2026-04-24 23:26:23,033 INFO prediction_event type=shipment_prediction payload={"shipment_id": "340cca8c-4991-1c4c-666a-319ca9acc3c3", "tracking_number": "SC1568173", "risk_score": 0.98, "predicted_eta": "2026-04-14 13:49", "anomaly_detected": true}
2026-04-24 23:26:23,034 INFO prediction_event type=shipment_prediction payload={"shipment_id": "2e1fc467-24da-ee9a-9778-1771d7a65a04", "tracking_number": "SC9500598", "risk_score": 0.98, "predicted_eta": "2026-04-16 22:46", "anomaly_detected": true}
2026-04-24 23:26:23,034 INFO prediction_event type=shipment_prediction payload={"shipment_id": "ec947b5d-e712-64b7-d820-8b39e8adf20c", "tracking_number": "SC3742195", "risk_score": 0.98, "predicted_eta": "2026-04-13 09:43", "anomaly_detected": true}
2026-04-24 23:26:23,035 INFO prediction_event type=shipment_prediction payload={"shipment_id": "dcc094d5-bf6e-0be2-1af6-7af5d2a98398", "tracking_number": "SC5393522", "risk_score": 0.98, "predicted_eta": "2026-04-13 02:42", "anomaly_detected": true}
2026-04-24 23:26:23,035 INFO prediction_event type=shipment_prediction payload={"shipment_id": "e17901a7-1f44-477b-3d06-ff59f0f574d7", "tracking_number": "SC7966637", "risk_score": 0.98, "predicted_eta": "2026-04-13 23:54", "anomaly_detected": true}
2026-04-24 23:26:23,035 INFO prediction_event type=shipment_prediction payload={"shipment_id": "aba704d3-9a7e-34fd-2ba6-d66934a8cdae", "tracking_number": "SC5471734", "risk_score": 0.98, "predicted_eta": "2026-04-10 18:07", "anomaly_detected": true}
2026-04-24 23:26:23,036 INFO prediction_event type=shipment_prediction payload={"shipment_id": "88ee8693-a174-47c4-7cee-1ab8aa8a2c23", "tracking_number": "SC2800843", "risk_score": 0.98, "predicted_eta": "2026-04-15 11:16", "anomaly_detected": true}
2026-04-24 23:26:23,036 INFO prediction_event type=shipment_prediction payload={"shipment_id": "7506d712-3724-54bf-94c6-646884751e02", "tracking_number": "SC2382359", "risk_score": 0.98, "predicted_eta": "2026-05-05 14:40", "anomaly_detected": true}
2026-04-24 23:26:23,036 INFO prediction_event type=shipment_prediction payload={"shipment_id": "a3ebd69b-9ca7-4ece-8085-e4b6408c6696", "tracking_number": "SC8045055", "risk_score": 0.98, "predicted_eta": "2026-04-11 14:43", "anomaly_detected": true}
2026-04-24 23:26:23,036 INFO prediction_event type=shipment_prediction payload={"shipment_id": "f5a6079b-2224-5c0a-e6be-6f08b9bee7dc", "tracking_number": "SC7753348", "risk_score": 0.98, "predicted_eta": "2026-04-16 00:24", "anomaly_detected": true}
2026-04-24 23:26:23,037 INFO prediction_event type=shipment_prediction payload={"shipment_id": "2cb1574b-7b89-a09b-37f1-ed9d6dfa576b", "tracking_number": "SC9636714", "risk_score": 0.98, "predicted_eta": "2026-02-04 02:10", "anomaly_detected": true}
2026-04-24 23:26:23,037 INFO prediction_event type=shipment_prediction payload={"shipment_id": "8e3c45c3-ba47-cef7-9cf4-447e1bd75f75", "tracking_number": "SC5868907", "risk_score": 0.98, "predicted_eta": "2026-04-13 17:21", "anomaly_detected": true}
2026-04-24 23:26:23,037 INFO prediction_event type=shipment_prediction payload={"shipment_id": "fdbe2378-c745-1031-728d-8ba05ce5af21", "tracking_number": "SC9388496", "risk_score": 0.98, "predicted_eta": "2026-04-20 09:06", "anomaly_detected": true}
2026-04-24 23:26:23,038 INFO prediction_event type=shipment_prediction payload={"shipment_id": "0bd5ea1a-eedf-5668-714e-518b122a0605", "tracking_number": "SC8123578", "risk_score": 0.98, "predicted_eta": "2026-04-12 21:34", "anomaly_detected": true}
2026-04-24 23:26:23,038 INFO prediction_event type=shipment_prediction payload={"shipment_id": "d01edc3a-0814-8d23-6372-5205efe5706d", "tracking_number": "SC1832012", "risk_score": 0.98, "predicted_eta": "2026-04-16 06:17", "anomaly_detected": true}
2026-04-24 23:26:23,038 INFO prediction_event type=shipment_prediction payload={"shipment_id": "e82022d7-40ec-eb73-ad86-0957008d2691", "tracking_number": "SC2590445", "risk_score": 0.98, "predicted_eta": "2026-04-26 18:18", "anomaly_detected": true}
2026-04-24 23:26:23,039 INFO prediction_event type=shipment_prediction payload={"shipment_id": "347349cf-0dcb-87c0-d29c-c212308e8653", "tracking_number": "SC5549442", "risk_score": 0.98, "predicted_eta": "2026-04-19 21:16", "anomaly_detected": true}
2026-04-24 23:26:23,039 INFO prediction_event type=shipment_prediction payload={"shipment_id": "4f9e9576-513e-4a1a-f250-32dd415bfa74", "tracking_number": "SC8449980", "risk_score": 0.98, "predicted_eta": "2026-04-18 02:26", "anomaly_detected": true}
2026-04-24 23:26:23,039 INFO prediction_event type=shipment_prediction payload={"shipment_id": "60784a67-274c-1666-9d1b-b7d4d6ea8604", "tracking_number": "SC7545004", "risk_score": 0.98, "predicted_eta": "2026-04-15 18:11", "anomaly_detected": true}
2026-04-24 23:26:23,040 INFO prediction_event type=shipment_prediction payload={"shipment_id": "4d0f1a3b-3b21-e922-53a8-9bb83ebff8ac", "tracking_number": "SC1360913", "risk_score": 0.98, "predicted_eta": "2026-04-29 21:38", "anomaly_detected": true}
2026-04-24 23:26:23,040 INFO prediction_event type=shipment_prediction payload={"shipment_id": "8464a7df-ea2e-3a98-8769-e8ab12b672eb", "tracking_number": "SC1386987", "risk_score": 0.98, "predicted_eta": "2026-04-12 23:00", "anomaly_detected": true}
2026-04-24 23:26:23,040 INFO prediction_event type=shipment_prediction payload={"shipment_id": "c2ea25b4-efa8-dcf6-4d9f-861e86eb5947", "tracking_number": "SC9669979", "risk_score": 0.98, "predicted_eta": "2026-04-13 13:39", "anomaly_detected": true}
2026-04-24 23:26:23,040 INFO prediction_event type=shipment_prediction payload={"shipment_id": "62cc2e97-6531-758a-2ac8-233dea9b5294", "tracking_number": "SC4967122", "risk_score": 0.98, "predicted_eta": "2026-04-13 03:17", "anomaly_detected": true}
2026-04-24 23:26:23,041 INFO prediction_event type=shipment_prediction payload={"shipment_id": "f925fe10-fab4-241a-1258-1f519d6f0fe5", "tracking_number": "SC4742893", "risk_score": 0.98, "predicted_eta": "2026-04-27 07:10", "anomaly_detected": true}
2026-04-24 23:26:23,041 INFO prediction_event type=shipment_prediction payload={"shipment_id": "435d8419-5767-0bf7-c0c9-e2e9f6733ba1", "tracking_number": "SC8357138", "risk_score": 0.98, "predicted_eta": "2026-04-21 03:38", "anomaly_detected": true}
2026-04-24 23:26:23,041 INFO prediction_event type=shipment_prediction payload={"shipment_id": "35594020-68fe-fad7-0ade-6511ee1c6504", "tracking_number": "SC1540053", "risk_score": 0.98, "predicted_eta": "2026-04-13 21:36", "anomaly_detected": true}
2026-04-24 23:26:23,042 INFO prediction_event type=shipment_prediction payload={"shipment_id": "d1a42061-e004-0926-d1b5-f3a5b7e31914", "tracking_number": "SC5988559", "risk_score": 0.98, "predicted_eta": "2026-04-18 04:34", "anomaly_detected": true}
2026-04-24 23:26:23,042 INFO prediction_event type=shipment_prediction payload={"shipment_id": "ce8ce65c-defd-c0c3-3a4c-566605e83b01", "tracking_number": "SC2424618", "risk_score": 0.98, "predicted_eta": "2026-04-13 01:36", "anomaly_detected": true}
2026-04-24 23:26:23,042 INFO prediction_event type=shipment_prediction payload={"shipment_id": "a373bf2e-d1a2-f28c-3280-7b31babc14e1", "tracking_number": "SC2440575", "risk_score": 0.98, "predicted_eta": "2026-04-12 22:36", "anomaly_detected": true}
2026-04-24 23:26:23,043 INFO prediction_event type=shipment_prediction payload={"shipment_id": "20f3e023-6a6f-a905-ca65-066fbffe1d09", "tracking_number": "SC3413701", "risk_score": 0.98, "predicted_eta": "2026-04-22 14:29", "anomaly_detected": true}
2026-04-24 23:26:23,043 INFO prediction_event type=shipment_prediction payload={"shipment_id": "fff19c1f-4ae7-86e9-62db-986e7d4ed463", "tracking_number": "SC5542025", "risk_score": 0.98, "predicted_eta": "2025-10-24 13:59", "anomaly_detected": true}
2026-04-24 23:26:23,044 INFO prediction_event type=shipment_prediction payload={"shipment_id": "5def921d-8978-4bb8-a93b-63b45fe5d951", "tracking_number": "SC6031012", "risk_score": 0.98, "predicted_eta": "2026-04-13 10:46", "anomaly_detected": true}
2026-04-24 23:26:23,044 INFO prediction_event type=shipment_prediction payload={"shipment_id": "9586e342-7d22-b86b-7178-1362981f2ee5", "tracking_number": "SC4080765", "risk_score": 0.98, "predicted_eta": "2026-04-21 18:17", "anomaly_detected": true}
2026-04-24 23:26:23,044 INFO prediction_event type=shipment_prediction payload={"shipment_id": "a345e9e0-0aef-0828-9948-a9064ea88c35", "tracking_number": "SC4630924", "risk_score": 0.98, "predicted_eta": "2026-04-18 22:13", "anomaly_detected": true}
2026-04-24 23:26:23,044 INFO prediction_event type=shipment_prediction payload={"shipment_id": "45bea202-c826-8a0d-7e5c-ca07c69744d7", "tracking_number": "SC2378557", "risk_score": 0.98, "predicted_eta": "2026-04-18 02:07", "anomaly_detected": true}
2026-04-24 23:26:23,045 INFO prediction_event type=shipment_prediction payload={"shipment_id": "3365f5fe-4a0c-8984-cca7-a2b1f2c86d2f", "tracking_number": "SC2799273", "risk_score": 0.98, "predicted_eta": "2026-04-18 20:45", "anomaly_detected": true}
2026-04-24 23:26:23,045 INFO prediction_event type=shipment_prediction payload={"shipment_id": "83e1f43b-cd1f-005f-0edf-cde378e072b1", "tracking_number": "SC1652121", "risk_score": 0.98, "predicted_eta": "2026-04-14 23:06", "anomaly_detected": true}
2026-04-24 23:26:23,045 INFO prediction_event type=shipment_prediction payload={"shipment_id": "5aa9c51a-a33a-30d9-5825-1552e051e25f", "tracking_number": "SC7144270", "risk_score": 0.98, "predicted_eta": "2026-04-12 21:20", "anomaly_detected": true}
2026-04-24 23:26:23,046 INFO prediction_event type=shipment_prediction payload={"shipment_id": "7d135822-5d35-0581-ffa4-b24a2063dcf4", "tracking_number": "SC9343028", "risk_score": 0.98, "predicted_eta": "2026-04-23 04:00", "anomaly_detected": true}
2026-04-24 23:26:23,046 INFO prediction_event type=shipment_prediction payload={"shipment_id": "a6ac1bb9-d790-cdb0-2afa-67396587e68f", "tracking_number": "SC1121415", "risk_score": 0.98, "predicted_eta": "2026-04-12 12:04", "anomaly_detected": true}
2026-04-24 23:26:23,046 INFO prediction_event type=shipment_prediction payload={"shipment_id": "6acc6eef-c94a-72fd-c3b0-d00ed844c24d", "tracking_number": "SC9467863", "risk_score": 0.98, "predicted_eta": "2026-04-15 21:08", "anomaly_detected": true}
2026-04-24 23:26:23,047 INFO prediction_event type=shipment_prediction payload={"shipment_id": "fd4c7c59-136a-56d0-cf01-9a060573f452", "tracking_number": "SC8136810", "risk_score": 0.98, "predicted_eta": "2026-04-14 01:58", "anomaly_detected": true}
2026-04-24 23:26:23,047 INFO prediction_event type=shipment_prediction payload={"shipment_id": "4281f290-6b8a-005e-ade7-ebd25abe712e", "tracking_number": "SC6844805", "risk_score": 0.98, "predicted_eta": "2026-04-13 11:21", "anomaly_detected": true}
2026-04-24 23:26:23,047 INFO prediction_event type=shipment_prediction payload={"shipment_id": "1d4669ce-381b-84aa-0ce2-70b4e5abfd23", "tracking_number": "SC8711005", "risk_score": 0.98, "predicted_eta": "2026-04-12 22:57", "anomaly_detected": true}
2026-04-24 23:26:23,048 INFO prediction_event type=shipment_prediction payload={"shipment_id": "ca64e815-45b1-a079-b55c-95f9cdc8fd53", "tracking_number": "SC6131577", "risk_score": 0.98, "predicted_eta": "2026-04-18 14:43", "anomaly_detected": true}
2026-04-24 23:26:23,048 INFO prediction_event type=shipment_prediction payload={"shipment_id": "f6781446-f468-101c-3e8d-d00a18969228", "tracking_number": "SC5557881", "risk_score": 0.98, "predicted_eta": "2026-04-12 22:36", "anomaly_detected": true}
2026-04-24 23:26:23,048 INFO prediction_event type=shipment_prediction payload={"shipment_id": "b1721bd8-1872-369c-ae56-eb116738c653", "tracking_number": "SC8198110", "risk_score": 0.98, "predicted_eta": "2026-04-17 04:38", "anomaly_detected": true}
2026-04-24 23:26:23,049 INFO prediction_event type=shipment_prediction payload={"shipment_id": "276c1b83-6800-8655-a7f9-07710bea5fd5", "tracking_number": "SC7961366", "risk_score": 0.98, "predicted_eta": "2026-04-16 14:26", "anomaly_detected": true}
2026-04-24 23:26:23,049 INFO prediction_event type=shipment_prediction payload={"shipment_id": "fd916171-7fcf-35d5-3bfb-2e237bb56e9a", "tracking_number": "SC6331432", "risk_score": 0.98, "predicted_eta": "2026-04-15 03:43", "anomaly_detected": true}
2026-04-24 23:26:23,049 INFO prediction_event type=shipment_prediction payload={"shipment_id": "52ee095c-23fb-094d-48b5-68145925d2c8", "tracking_number": "SC5109990", "risk_score": 0.98, "predicted_eta": "2026-04-15 22:36", "anomaly_detected": true}
2026-04-24 23:26:23,050 INFO prediction_event type=shipment_prediction payload={"shipment_id": "88a80dac-5292-d896-186e-68fbed2d9a69", "tracking_number": "SC2296906", "risk_score": 0.98, "predicted_eta": "2026-04-25 19:03", "anomaly_detected": true}
2026-04-24 23:26:23,050 INFO prediction_event type=shipment_prediction payload={"shipment_id": "0e753e46-3cf1-3464-9ed2-203529618b2a", "tracking_number": "SC5712635", "risk_score": 0.98, "predicted_eta": "2026-04-13 02:12", "anomaly_detected": true}
2026-04-24 23:26:23,050 INFO prediction_event type=shipment_prediction payload={"shipment_id": "4adddd05-8a9c-b8f9-85dc-352bfc3a709b", "tracking_number": "SC2014843", "risk_score": 0.98, "predicted_eta": "2026-04-01 18:19", "anomaly_detected": true}
2026-04-24 23:26:23,051 INFO prediction_event type=shipment_prediction payload={"shipment_id": "9de2e583-f663-6520-bb23-bf2de8c46d47", "tracking_number": "SC3457584", "risk_score": 0.98, "predicted_eta": "2026-03-27 22:04", "anomaly_detected": true}
2026-04-24 23:26:23,051 INFO prediction_event type=shipment_prediction payload={"shipment_id": "5dfe35e2-412d-a1d9-dc1f-1f19829e9073", "tracking_number": "SC7794065", "risk_score": 0.98, "predicted_eta": "2025-12-22 01:25", "anomaly_detected": true}
2026-04-24 23:26:23,051 INFO prediction_event type=shipment_prediction payload={"shipment_id": "f4ad7982-1efb-3697-0893-31124709c9ff", "tracking_number": "SC2318087", "risk_score": 0.98, "predicted_eta": "2026-02-05 23:48", "anomaly_detected": true}
2026-04-24 23:26:23,052 INFO prediction_event type=shipment_prediction payload={"shipment_id": "72d782a3-5bda-4838-129e-fe95313a258f", "tracking_number": "SC1100530", "risk_score": 0.98, "predicted_eta": "2026-04-19 18:09", "anomaly_detected": true}
2026-04-24 23:26:23,052 INFO prediction_event type=shipment_prediction payload={"shipment_id": "82be22b6-1715-6bad-ffbc-9929cad6d870", "tracking_number": "SC3341318", "risk_score": 0.98, "predicted_eta": "2026-03-13 04:16", "anomaly_detected": true}
2026-04-24 23:26:23,052 INFO prediction_event type=shipment_prediction payload={"shipment_id": "29270899-3a53-3e16-18bb-0076d0fcfe5b", "tracking_number": "SC7234191", "risk_score": 0.98, "predicted_eta": "2026-03-13 21:13", "anomaly_detected": true}
2026-04-24 23:26:23,052 INFO prediction_event type=shipment_prediction payload={"shipment_id": "dd2bbeca-7809-0bca-1dae-339e0254fad6", "tracking_number": "SC9913771", "risk_score": 0.98, "predicted_eta": "2026-04-13 03:44", "anomaly_detected": true}
2026-04-24 23:26:23,053 INFO prediction_event type=shipment_prediction payload={"shipment_id": "17d2545a-3ed4-3aaa-2ab5-ac438a84b742", "tracking_number": "SC5709135", "risk_score": 0.98, "predicted_eta": "2026-04-17 13:19", "anomaly_detected": true}
2026-04-24 23:26:23,053 INFO prediction_event type=shipment_prediction payload={"shipment_id": "5afa92f1-25bb-7263-f3bb-f5d3a1c9969f", "tracking_number": "SC9844248", "risk_score": 0.98, "predicted_eta": "2025-11-25 15:44", "anomaly_detected": true}
2026-04-24 23:26:23,053 INFO prediction_event type=shipment_prediction payload={"shipment_id": "30bdfc2c-6fb7-fe7e-8e6d-3b0f6c2b1f4a", "tracking_number": "SC4012267", "risk_score": 0.98, "predicted_eta": "2026-04-19 21:54", "anomaly_detected": true}
2026-04-24 23:26:23,054 INFO prediction_event type=shipment_prediction payload={"shipment_id": "6df570f8-e19b-f1f3-498e-e944ce543f77", "tracking_number": "SC1737206", "risk_score": 0.98, "predicted_eta": "2026-03-15 15:15", "anomaly_detected": true}
2026-04-24 23:26:23,054 INFO prediction_event type=shipment_prediction payload={"shipment_id": "3a4452eb-99c3-d673-2933-eb86e84ce919", "tracking_number": "SC8600011", "risk_score": 0.98, "predicted_eta": "2026-04-19 16:30", "anomaly_detected": true}
2026-04-24 23:26:23,054 INFO prediction_event type=shipment_prediction payload={"shipment_id": "16ef15c7-41c9-d863-f05e-73209e3f6463", "tracking_number": "SC8514626", "risk_score": 0.98, "predicted_eta": "2025-10-15 04:50", "anomaly_detected": true}
2026-04-24 23:26:23,055 INFO prediction_event type=shipment_prediction payload={"shipment_id": "2a998fc2-fca9-c014-5cfa-209bbe5a4b65", "tracking_number": "SC1419315", "risk_score": 0.98, "predicted_eta": "2026-04-12 03:34", "anomaly_detected": true}
2026-04-24 23:26:23,055 INFO prediction_event type=shipment_prediction payload={"shipment_id": "efc365e3-27e2-cd3d-9b35-97ba4f0a713a", "tracking_number": "SC2545294", "risk_score": 0.98, "predicted_eta": "2026-04-15 18:51", "anomaly_detected": true}
2026-04-24 23:26:23,055 INFO prediction_event type=shipment_prediction payload={"shipment_id": "535c5b65-a9c8-f7bd-919f-d318ec14715a", "tracking_number": "SC1282328", "risk_score": 0.98, "predicted_eta": "2026-01-19 22:25", "anomaly_detected": true}
2026-04-24 23:26:23,055 INFO prediction_event type=shipment_prediction payload={"shipment_id": "90a0496e-117e-655d-03ab-a47fba3a9daa", "tracking_number": "SC5005039", "risk_score": 0.98, "predicted_eta": "2025-11-15 18:16", "anomaly_detected": true}
2026-04-24 23:26:23,056 INFO prediction_event type=shipment_prediction payload={"shipment_id": "d64886f0-86c7-7927-d747-4f306b5f9415", "tracking_number": "SC5851623", "risk_score": 0.98, "predicted_eta": "2026-04-25 11:19", "anomaly_detected": true}
2026-04-24 23:26:23,056 INFO prediction_event type=shipment_prediction payload={"shipment_id": "c4b561a0-2330-b35e-016e-c2f6f2de65aa", "tracking_number": "SC8040001", "risk_score": 0.98, "predicted_eta": "2026-03-27 08:07", "anomaly_detected": true}
2026-04-24 23:26:23,056 INFO prediction_event type=shipment_prediction payload={"shipment_id": "d76eedea-92ed-b03b-329c-cfca77b0dfd9", "tracking_number": "SC5066762", "risk_score": 0.98, "predicted_eta": "2026-04-15 07:40", "anomaly_detected": true}
2026-04-24 23:26:23,057 INFO prediction_event type=shipment_prediction payload={"shipment_id": "355171f0-3220-a4b8-b9fa-f996ce43a309", "tracking_number": "SC3562160", "risk_score": 0.98, "predicted_eta": "2026-01-02 08:45", "anomaly_detected": true}
2026-04-24 23:26:23,057 INFO prediction_event type=shipment_prediction payload={"shipment_id": "1d97c51a-d2fa-b485-73d1-3b6766e951a1", "tracking_number": "SC8688686", "risk_score": 0.98, "predicted_eta": "2026-04-13 03:53", "anomaly_detected": true}
2026-04-24 23:26:23,057 INFO prediction_event type=shipment_prediction payload={"shipment_id": "9c23a497-1cda-78a7-eb60-9f4523916122", "tracking_number": "SC2549737", "risk_score": 0.98, "predicted_eta": "2026-04-14 22:20", "anomaly_detected": true}
2026-04-24 23:26:23,057 INFO prediction_event type=shipment_prediction payload={"shipment_id": "cab12cec-a328-b411-58b9-c452dcf1d951", "tracking_number": "SC7910768", "risk_score": 0.98, "predicted_eta": "2026-04-13 00:17", "anomaly_detected": true}
2026-04-24 23:26:23,058 INFO prediction_event type=shipment_prediction payload={"shipment_id": "86c105e3-0d3f-8043-71d4-a408349721b7", "tracking_number": "SC3929066", "risk_score": 0.98, "predicted_eta": "2026-02-10 14:47", "anomaly_detected": true}
2026-04-24 23:26:23,058 INFO prediction_event type=shipment_prediction payload={"shipment_id": "d377e0a7-a631-5a16-2021-f76c69cd93d4", "tracking_number": "SC1030020", "risk_score": 0.98, "predicted_eta": "2026-04-14 07:25", "anomaly_detected": true}
2026-04-24 23:26:23,058 INFO prediction_event type=shipment_prediction payload={"shipment_id": "99f6b009-2f5b-cdb6-4925-f3cd43f585f3", "tracking_number": "SC2134129", "risk_score": 0.98, "predicted_eta": "2025-11-07 19:57", "anomaly_detected": true}
2026-04-24 23:26:23,059 INFO prediction_event type=shipment_prediction payload={"shipment_id": "57ae5821-e7cf-06fc-9d91-368f1a7d3371", "tracking_number": "SC9707870", "risk_score": 0.98, "predicted_eta": "2026-02-06 12:45", "anomaly_detected": true}
2026-04-24 23:26:23,059 INFO prediction_event type=shipment_prediction payload={"shipment_id": "19f0e4a4-2128-58c1-07e5-fe25db9d020c", "tracking_number": "SC5907517", "risk_score": 0.98, "predicted_eta": "2025-12-07 02:48", "anomaly_detected": true}
2026-04-24 23:26:23,059 INFO prediction_event type=shipment_prediction payload={"shipment_id": "b4ef78f2-b394-43df-5fcc-7aa4a24367f3", "tracking_number": "SC9929603", "risk_score": 0.98, "predicted_eta": "2025-12-30 20:25", "anomaly_detected": true}
2026-04-24 23:26:23,059 INFO prediction_event type=shipment_prediction payload={"shipment_id": "ddd483d2-b0fd-3872-a3f4-6ec229cf712e", "tracking_number": "SC9243145", "risk_score": 0.98, "predicted_eta": "2026-04-21 04:46", "anomaly_detected": true}
2026-04-24 23:26:23,060 INFO prediction_event type=shipment_prediction payload={"shipment_id": "4d9b4eb8-bc56-1d17-4abe-9f2ee2439f40", "tracking_number": "SC8598227", "risk_score": 0.98, "predicted_eta": "2026-04-21 22:46", "anomaly_detected": true}
2026-04-24 23:26:23,060 INFO prediction_event type=shipment_prediction payload={"shipment_id": "94fa0d9e-31a7-aa15-85ec-5f0a08415c5a", "tracking_number": "SC8391611", "risk_score": 0.98, "predicted_eta": "2026-03-20 22:55", "anomaly_detected": true}
2026-04-24 23:26:23,060 INFO prediction_event type=shipment_prediction payload={"shipment_id": "a9c11d29-7b46-c0ca-8bbe-4ef3fe84ae94", "tracking_number": "SC8810552", "risk_score": 0.98, "predicted_eta": "2026-01-28 09:36", "anomaly_detected": true}
2026-04-24 23:26:23,061 INFO prediction_event type=shipment_prediction payload={"shipment_id": "16e3a86c-7389-721d-a2dd-c110c360ac95", "tracking_number": "SC2893196", "risk_score": 0.98, "predicted_eta": "2026-04-13 15:33", "anomaly_detected": true}
2026-04-24 23:26:23,061 INFO prediction_event type=shipment_prediction payload={"shipment_id": "d22f6ccd-50dd-293f-3b72-dc9c92055f17", "tracking_number": "SC9886933", "risk_score": 0.98, "predicted_eta": "2026-04-14 05:18", "anomaly_detected": true}
2026-04-24 23:26:23,061 INFO prediction_event type=shipment_prediction payload={"shipment_id": "14b0d0ff-60f8-f5a5-0632-a0a59612c715", "tracking_number": "SC5053588", "risk_score": 0.98, "predicted_eta": "2026-04-13 04:03", "anomaly_detected": true}
2026-04-24 23:26:23,061 INFO prediction_event type=shipment_prediction payload={"shipment_id": "a96f0553-6777-66ca-88b6-3adc7f6503f0", "tracking_number": "SC5840254", "risk_score": 0.98, "predicted_eta": "2026-03-07 21:51", "anomaly_detected": true}
2026-04-24 23:26:23,062 INFO prediction_event type=shipment_prediction payload={"shipment_id": "ca66d3c3-f39f-d448-e517-591caf309030", "tracking_number": "SC9485585", "risk_score": 0.98, "predicted_eta": "2026-04-13 03:28", "anomaly_detected": true}
2026-04-24 23:26:23,062 INFO prediction_event type=shipment_prediction payload={"shipment_id": "5af2883f-bfad-fa1c-6910-9f5a0d5b3335", "tracking_number": "SC7133330", "risk_score": 0.98, "predicted_eta": "2026-03-29 21:21", "anomaly_detected": true}
2026-04-24 23:26:23,062 INFO prediction_event type=shipment_prediction payload={"shipment_id": "f1da58df-6918-c284-7a0b-c9898032e2f7", "tracking_number": "SC9921835", "risk_score": 0.98, "predicted_eta": "2025-11-26 21:10", "anomaly_detected": true}
2026-04-24 23:26:23,062 INFO prediction_event type=shipment_prediction payload={"shipment_id": "4d5b8284-3ef1-3234-6ad4-91bcd408c6fc", "tracking_number": "SC1753031", "risk_score": 0.98, "predicted_eta": "2026-04-18 18:53", "anomaly_detected": true}
2026-04-24 23:26:23,063 INFO prediction_event type=shipment_prediction payload={"shipment_id": "2eba2b90-99fa-c129-4dc6-9015c2906023", "tracking_number": "SC3966636", "risk_score": 0.98, "predicted_eta": "2026-04-12 21:52", "anomaly_detected": true}
2026-04-24 23:26:23,063 INFO prediction_event type=shipment_prediction payload={"shipment_id": "0ac17516-e0d7-3a21-077f-e9d457594b6d", "tracking_number": "SC3153399", "risk_score": 0.98, "predicted_eta": "2026-04-19 05:37", "anomaly_detected": true}
2026-04-24 23:26:23,063 INFO prediction_event type=shipment_prediction payload={"shipment_id": "4ada2426-6a07-c43e-c8af-3c84d783ce3b", "tracking_number": "SC8691719", "risk_score": 0.98, "predicted_eta": "2026-04-14 03:20", "anomaly_detected": true}
2026-04-24 23:26:23,063 INFO prediction_event type=shipment_prediction payload={"shipment_id": "ac2e118b-a253-9aa7-93d8-87f63e83e0e8", "tracking_number": "SC5819902", "risk_score": 0.98, "predicted_eta": "2026-04-19 16:36", "anomaly_detected": true}
2026-04-24 23:26:23,064 INFO prediction_event type=shipment_prediction payload={"shipment_id": "f19a0e65-71a3-8612-a8a4-e9694c9a6afa", "tracking_number": "SC4036335", "risk_score": 0.98, "predicted_eta": "2026-04-13 05:17", "anomaly_detected": true}
2026-04-24 23:26:23,064 INFO prediction_event type=shipment_prediction payload={"shipment_id": "0af08d64-b84e-1f5d-f881-f6825bac7e48", "tracking_number": "SC3896141", "risk_score": 0.98, "predicted_eta": "2026-04-17 03:40", "anomaly_detected": true}
2026-04-24 23:26:23,064 INFO prediction_event type=shipment_prediction payload={"shipment_id": "88ea56e1-f04b-8ce8-27ee-7f9d9e3a5c5e", "tracking_number": "SC5971886", "risk_score": 0.98, "predicted_eta": "2025-11-11 07:53", "anomaly_detected": true}
2026-04-24 23:26:23,064 INFO prediction_event type=shipment_prediction payload={"shipment_id": "c1221414-e728-d7cd-170a-ced4ae85f12f", "tracking_number": "SC8607573", "risk_score": 0.98, "predicted_eta": "2026-04-14 16:19", "anomaly_detected": true}
2026-04-24 23:26:23,065 INFO prediction_event type=shipment_prediction payload={"shipment_id": "097148ec-0f7b-9bcd-6b59-85b97dacb9c2", "tracking_number": "SC7485163", "risk_score": 0.98, "predicted_eta": "2026-04-15 05:37", "anomaly_detected": true}
2026-04-24 23:26:23,065 INFO prediction_event type=shipment_prediction payload={"shipment_id": "2be6e275-ce2f-40e8-e9dc-47d6e423f101", "tracking_number": "SC8845220", "risk_score": 0.98, "predicted_eta": "2026-04-14 23:32", "anomaly_detected": true}
2026-04-24 23:26:23,065 INFO prediction_event type=shipment_prediction payload={"shipment_id": "bc8fb348-3a1a-a2c8-862d-f414f52a0032", "tracking_number": "SC7850070", "risk_score": 0.98, "predicted_eta": "2026-04-13 01:29", "anomaly_detected": true}
2026-04-24 23:26:23,066 INFO prediction_event type=shipment_prediction payload={"shipment_id": "a0d2b32b-a707-02de-53cf-9f16dd341d1d", "tracking_number": "SC6564924", "risk_score": 0.98, "predicted_eta": "2026-04-12 15:42", "anomaly_detected": true}
2026-04-24 23:26:23,066 INFO prediction_event type=shipment_prediction payload={"shipment_id": "4fda2034-20c3-1ff0-fee2-c668cb0996a9", "tracking_number": "SC2412326", "risk_score": 0.98, "predicted_eta": "2026-03-19 16:13", "anomaly_detected": true}
2026-04-24 23:26:23,066 INFO prediction_event type=shipment_prediction payload={"shipment_id": "c0fc1eea-0e0a-e81f-9bbb-802cbe572948", "tracking_number": "SC6254556", "risk_score": 0.98, "predicted_eta": "2026-04-11 09:52", "anomaly_detected": true}
2026-04-24 23:26:23,066 INFO prediction_event type=shipment_prediction payload={"shipment_id": "3bf0d404-f086-30cd-1d4e-7e7ff1147b7d", "tracking_number": "SC9746705", "risk_score": 0.98, "predicted_eta": "2026-04-08 01:26", "anomaly_detected": true}
2026-04-24 23:26:23,067 INFO prediction_event type=shipment_prediction payload={"shipment_id": "56fae189-280c-1c9a-150a-2e60b5fa7d0c", "tracking_number": "SC3373421", "risk_score": 0.98, "predicted_eta": "2026-01-19 02:42", "anomaly_detected": true}
2026-04-24 23:26:23,067 INFO prediction_event type=shipment_prediction payload={"shipment_id": "d6b7daf0-bef7-e3ff-5a5b-a9ca19f3b42f", "tracking_number": "SC4261142", "risk_score": 0.98, "predicted_eta": "2026-04-13 13:45", "anomaly_detected": true}
2026-04-24 23:26:23,067 INFO prediction_event type=shipment_prediction payload={"shipment_id": "366a8be8-4cae-2a83-c559-2227d76b8525", "tracking_number": "SC7631531", "risk_score": 0.98, "predicted_eta": "2026-04-16 20:01", "anomaly_detected": true}
2026-04-24 23:26:23,067 INFO prediction_event type=shipment_prediction payload={"shipment_id": "6020ee91-12dd-1964-66ea-d103c33ac34b", "tracking_number": "SC6322073", "risk_score": 0.98, "predicted_eta": "2026-04-13 23:30", "anomaly_detected": true}
2026-04-24 23:26:23,068 INFO prediction_event type=shipment_prediction payload={"shipment_id": "73689519-2198-0d36-2155-f3d2bbf9d90e", "tracking_number": "SC7636834", "risk_score": 0.98, "predicted_eta": "2026-04-13 00:52", "anomaly_detected": true}
2026-04-24 23:26:23,068 INFO prediction_event type=shipment_prediction payload={"shipment_id": "48b51345-3e64-59f9-9f4a-a884c0b9a37d", "tracking_number": "SC4459434", "risk_score": 0.98, "predicted_eta": "2026-01-22 23:06", "anomaly_detected": true}
2026-04-24 23:26:23,068 INFO prediction_event type=shipment_prediction payload={"shipment_id": "a0cbfc25-dad6-ca53-86bf-8fee152d3623", "tracking_number": "SC7884485", "risk_score": 0.98, "predicted_eta": "2026-04-15 21:04", "anomaly_detected": true}
2026-04-24 23:26:23,068 INFO prediction_event type=shipment_prediction payload={"shipment_id": "4cb4812a-ea5f-acb4-c47c-1c28e7253fc9", "tracking_number": "SC3424948", "risk_score": 0.98, "predicted_eta": "2026-04-14 19:03", "anomaly_detected": true}
2026-04-24 23:26:23,069 INFO prediction_event type=shipment_prediction payload={"shipment_id": "71a96fad-e604-a646-cc70-0f272b56915e", "tracking_number": "SC7490166", "risk_score": 0.98, "predicted_eta": "2026-02-26 15:58", "anomaly_detected": true}
2026-04-24 23:26:23,069 INFO prediction_event type=shipment_prediction payload={"shipment_id": "dee519ae-9911-22f4-33a2-962508ae2767", "tracking_number": "SC2464342", "risk_score": 0.98, "predicted_eta": "2026-04-15 01:40", "anomaly_detected": true}
2026-04-24 23:26:23,069 INFO prediction_event type=shipment_prediction payload={"shipment_id": "6ff80c76-1876-fe4b-f19a-d122ce0ba881", "tracking_number": "SC2175513", "risk_score": 0.98, "predicted_eta": "2026-04-14 08:40", "anomaly_detected": true}
2026-04-24 23:26:23,069 INFO prediction_event type=shipment_prediction payload={"shipment_id": "e5ea75d2-2679-2dc5-1461-325ff53a8213", "tracking_number": "SC9376830", "risk_score": 0.98, "predicted_eta": "2026-04-15 09:20", "anomaly_detected": true}
2026-04-24 23:26:23,070 INFO prediction_event type=shipment_prediction payload={"shipment_id": "bb586d81-f3f2-0ef7-9a57-831f3c18056c", "tracking_number": "SC4933529", "risk_score": 0.98, "predicted_eta": "2026-04-13 02:10", "anomaly_detected": true}
2026-04-24 23:26:23,070 INFO prediction_event type=shipment_prediction payload={"shipment_id": "14dd4bf4-8d9c-9dc6-7e16-0159f3db081b", "tracking_number": "SC9240881", "risk_score": 0.98, "predicted_eta": "2026-02-15 11:25", "anomaly_detected": true}
2026-04-24 23:26:23,070 INFO prediction_event type=shipment_prediction payload={"shipment_id": "71573233-7bc2-fd07-7ab4-bd383752db1d", "tracking_number": "SC7308431", "risk_score": 0.98, "predicted_eta": "2026-04-13 23:12", "anomaly_detected": true}
2026-04-24 23:26:23,070 INFO prediction_event type=shipment_prediction payload={"shipment_id": "502989ef-ac0c-c3a2-32d3-8dc7973e7683", "tracking_number": "SC8748280", "risk_score": 0.98, "predicted_eta": "2026-03-18 08:50", "anomaly_detected": true}
2026-04-24 23:26:23,071 INFO prediction_event type=shipment_prediction payload={"shipment_id": "a9a298f8-e3c6-d652-998c-a8d27afed8cb", "tracking_number": "SC7903070", "risk_score": 0.98, "predicted_eta": "2026-02-04 21:27", "anomaly_detected": true}
2026-04-24 23:26:23,071 INFO prediction_event type=shipment_prediction payload={"shipment_id": "032725e0-de05-2f27-0d55-d26093580562", "tracking_number": "SC1103026", "risk_score": 0.98, "predicted_eta": "2026-04-14 18:00", "anomaly_detected": true}
2026-04-24 23:26:23,071 INFO prediction_event type=shipment_prediction payload={"shipment_id": "f3fc98c6-4a16-e763-972a-2202eede7d9a", "tracking_number": "SC6872120", "risk_score": 0.98, "predicted_eta": "2026-04-12 05:42", "anomaly_detected": true}
2026-04-24 23:26:23,071 INFO prediction_event type=shipment_prediction payload={"shipment_id": "efa4e6dd-118d-768c-b448-14687a8cb853", "tracking_number": "SC3433187", "risk_score": 0.98, "predicted_eta": "2026-04-16 17:04", "anomaly_detected": true}
2026-04-24 23:26:23,072 INFO prediction_event type=shipment_prediction payload={"shipment_id": "b40b4f61-7e9f-f5ca-7c8a-ad6a8eb90caf", "tracking_number": "SC1333066", "risk_score": 0.98, "predicted_eta": "2026-04-15 04:26", "anomaly_detected": true}
2026-04-24 23:26:23,072 INFO prediction_event type=shipment_prediction payload={"shipment_id": "cbbf2b51-8bbc-065e-fc56-4c492116f3d5", "tracking_number": "SC8872537", "risk_score": 0.98, "predicted_eta": "2026-04-02 00:44", "anomaly_detected": true}
2026-04-24 23:26:23,072 INFO prediction_event type=shipment_prediction payload={"shipment_id": "62d4e621-1b6b-150d-cb11-979d8b7952c1", "tracking_number": "SC6112774", "risk_score": 0.98, "predicted_eta": "2026-04-16 18:25", "anomaly_detected": true}
2026-04-24 23:26:23,072 INFO prediction_event type=shipment_prediction payload={"shipment_id": "f2154072-da52-0c98-7d9f-75a159402358", "tracking_number": "SC9725427", "risk_score": 0.98, "predicted_eta": "2025-12-29 13:54", "anomaly_detected": true}
2026-04-24 23:26:23,073 INFO prediction_event type=shipment_prediction payload={"shipment_id": "786d27b9-5940-26d8-d832-7740f7896a57", "tracking_number": "SC8908002", "risk_score": 0.98, "predicted_eta": "2026-04-14 21:13", "anomaly_detected": true}
2026-04-24 23:26:23,073 INFO prediction_event type=shipment_prediction payload={"shipment_id": "fd2b87fd-2382-cb4a-28a5-a7e5f7932e2c", "tracking_number": "SC3997383", "risk_score": 0.98, "predicted_eta": "2026-04-17 02:15", "anomaly_detected": true}
2026-04-24 23:26:23,073 INFO prediction_event type=shipment_prediction payload={"shipment_id": "08d0c945-0c43-aa62-74c2-891ad61148c5", "tracking_number": "SC4600625", "risk_score": 0.98, "predicted_eta": "2026-04-13 14:11", "anomaly_detected": true}
2026-04-24 23:26:23,073 INFO prediction_event type=shipment_prediction payload={"shipment_id": "35527903-4ea6-4d26-cae9-6b1a86424c0c", "tracking_number": "SC1684740", "risk_score": 0.98, "predicted_eta": "2026-04-12 21:42", "anomaly_detected": true}
2026-04-24 23:26:23,074 INFO prediction_event type=shipment_prediction payload={"shipment_id": "3d936d94-9d72-5bea-d0d7-42470e3bc02c", "tracking_number": "SC5706361", "risk_score": 0.98, "predicted_eta": "2026-04-17 17:30", "anomaly_detected": true}
2026-04-24 23:26:23,074 INFO prediction_event type=shipment_prediction payload={"shipment_id": "30134e4f-47a6-2b9b-e603-f4cef70faac3", "tracking_number": "SC2931685", "risk_score": 0.98, "predicted_eta": "2026-01-16 23:49", "anomaly_detected": true}
2026-04-24 23:26:23,074 INFO prediction_event type=shipment_prediction payload={"shipment_id": "651b3e65-27e4-d31f-26c9-fac4cdfe6f20", "tracking_number": "SC9150422", "risk_score": 0.98, "predicted_eta": "2026-04-13 05:15", "anomaly_detected": true}
2026-04-24 23:26:23,074 INFO prediction_event type=shipment_prediction payload={"shipment_id": "58053ef0-eb27-41d8-2888-beb41778e611", "tracking_number": "SC2854579", "risk_score": 0.98, "predicted_eta": "2026-04-17 00:04", "anomaly_detected": true}
2026-04-24 23:26:25,895 INFO prediction_event type=shipment_prediction payload={"shipment_id": "9384fccd-7964-a8eb-4d88-81a356cc8c5f", "tracking_number": "SC6752652", "risk_score": 0.9341, "predicted_eta": "2026-04-13 03:38", "anomaly_detected": true}
2026-04-24 23:26:32,085 INFO prediction_event type=shipment_prediction payload={"shipment_id": "6dc7a4df-9ca5-b26a-e679-6355f126a83d", "tracking_number": "SC4180265", "risk_score": 0.98, "predicted_eta": "2025-10-14 07:52", "anomaly_detected": true}
2026-04-24 23:26:32,086 INFO prediction_event type=shipment_prediction payload={"shipment_id": "c0366429-5606-75cb-a69c-937537f4ab96", "tracking_number": "SC6170393", "risk_score": 0.98, "predicted_eta": "2026-04-14 09:52", "anomaly_detected": true}
2026-04-24 23:26:38,282 INFO prediction_event type=shipment_prediction payload={"shipment_id": "bc8fb348-3a1a-a2c8-862d-f414f52a0032", "tracking_number": "SC7850070", "risk_score": 0.98, "predicted_eta": "2026-04-13 01:30", "anomaly_detected": true}
2026-04-24 23:26:38,285 INFO prediction_event type=shipment_prediction payload={"shipment_id": "0cef1704-c5ab-852b-f9b7-7592478823ca", "tracking_number": "SC8315702", "risk_score": 0.98, "predicted_eta": "2026-04-13 06:49", "anomaly_detected": true}
2026-04-24 23:26:44,524 INFO prediction_event type=shipment_prediction payload={"shipment_id": "f5a6079b-2224-5c0a-e6be-6f08b9bee7dc", "tracking_number": "SC7753348", "risk_score": 0.98, "predicted_eta": "2026-04-16 00:24", "anomaly_detected": true}
2026-04-24 23:26:44,526 INFO prediction_event type=shipment_prediction payload={"shipment_id": "1c6bdf9d-620a-a911-6b50-593e709f2390", "tracking_number": "SC5617805", "risk_score": 0.98, "predicted_eta": "2026-04-19 14:31", "anomaly_detected": true}
2026-04-24 23:26:44,527 INFO prediction_event type=shipment_prediction payload={"shipment_id": "c6d20ca4-dfeb-024f-fa6d-4ae6d6901079", "tracking_number": "SC4903782", "risk_score": 0.98, "predicted_eta": "2026-04-13 05:20", "anomaly_detected": true}
2026-04-24 23:27:11,261 INFO request path=/api/weather/route-advisories method=GET status=200 duration_ms=10.06
2026-04-24 23:27:11,262 INFO request path=/api/weather method=GET status=200 duration_ms=1.70
2026-04-24 23:27:11,262 INFO request path=/api/shipments/stats method=GET status=200 duration_ms=11.79
2026-04-24 23:27:11,343 INFO request path=/api/shipments method=GET status=200 duration_ms=93.12
2026-04-24 23:27:11,349 INFO request path=/api/alerts method=GET status=200 duration_ms=97.17
2026-04-24 23:27:11,349 INFO request path=/api/analytics/kpis method=GET status=200 duration_ms=87.20
2026-04-24 23:27:11,396 INFO request path=/api/analytics/region-disruptions method=GET status=200 duration_ms=44.17
2026-04-24 23:27:11,396 INFO request path=/api/analytics/monthly-trends method=GET status=200 duration_ms=44.40
2026-04-24 23:27:11,396 INFO request path=/api/analytics/carrier-performance method=GET status=200 duration_ms=45.72
2026-04-24 23:27:11,397 INFO request path=/api/routes/cities method=GET status=200 duration_ms=3.57
2026-04-24 23:27:11,397 INFO request path=/api/analytics/ai-insights method=GET status=200 duration_ms=3.72
2026-04-24 23:27:16,000 INFO prediction_event type=shipment_prediction payload={"shipment_id": "62cc2e97-6531-758a-2ac8-233dea9b5294", "tracking_number": "SC4967122", "risk_score": 0.98, "predicted_eta": "2026-04-13 03:17", "anomaly_detected": true}
2026-04-24 23:27:41,297 INFO prediction_event type=shipment_prediction payload={"shipment_id": "62cc2e97-6531-758a-2ac8-233dea9b5294", "tracking_number": "SC4967122", "risk_score": 0.98, "predicted_eta": "2026-04-13 03:17", "anomaly_detected": true}
2026-04-24 23:27:47,616 INFO prediction_event type=shipment_prediction payload={"shipment_id": "e17901a7-1f44-477b-3d06-ff59f0f574d7", "tracking_number": "SC7966637", "risk_score": 0.98, "predicted_eta": "2026-04-13 23:54", "anomaly_detected": true}
2026-04-24 23:27:53,929 INFO prediction_event type=shipment_prediction payload={"shipment_id": "83e1f43b-cd1f-005f-0edf-cde378e072b1", "tracking_number": "SC1652121", "risk_score": 0.98, "predicted_eta": "2026-04-14 23:06", "anomaly_detected": true}
2026-04-24 23:28:06,579 INFO prediction_event type=shipment_prediction payload={"shipment_id": "5aa9c51a-a33a-30d9-5825-1552e051e25f", "tracking_number": "SC7144270", "risk_score": 0.98, "predicted_eta": "2026-04-12 21:20", "anomaly_detected": true}
2026-04-24 23:28:06,580 INFO prediction_event type=shipment_prediction payload={"shipment_id": "e0285223-8a2f-8cf4-9f38-8322b7e8fe71", "tracking_number": "SC5390134", "risk_score": 0.98, "predicted_eta": "2026-01-15 09:35", "anomaly_detected": true}
2026-04-24 23:28:11,256 INFO request path=/api/shipments/stats method=GET status=200 duration_ms=9.49
2026-04-24 23:28:11,257 INFO request path=/api/weather/route-advisories method=GET status=200 duration_ms=7.32
2026-04-24 23:28:11,309 INFO request path=/api/weather method=GET status=200 duration_ms=52.26
2026-04-24 23:28:11,312 INFO request path=/api/shipments method=GET status=200 duration_ms=65.70
2026-04-24 23:28:11,318 INFO request path=/api/alerts method=GET status=200 duration_ms=70.18
2026-04-24 23:28:11,320 INFO request path=/api/analytics/kpis method=GET status=200 duration_ms=62.75
2026-04-24 23:28:11,333 INFO request path=/api/analytics/region-disruptions method=GET status=200 duration_ms=10.77
2026-04-24 23:28:11,335 INFO request path=/api/analytics/ai-insights method=GET status=200 duration_ms=4.60
2026-04-24 23:28:11,348 INFO request path=/api/routes/cities method=GET status=200 duration_ms=17.24
2026-04-24 23:28:11,367 INFO request path=/api/analytics/monthly-trends method=GET status=200 duration_ms=44.76
2026-04-24 23:28:11,367 INFO request path=/api/analytics/carrier-performance method=GET status=200 duration_ms=46.32
2026-04-24 23:28:12,914 INFO prediction_event type=shipment_prediction payload={"shipment_id": "f3cbc297-ec1d-2643-f142-77384554a815", "tracking_number": "SC7640239", "risk_score": 0.98, "predicted_eta": "2026-04-14 05:38", "anomaly_detected": true}
2026-04-24 23:28:19,205 INFO prediction_event type=shipment_prediction payload={"shipment_id": "aba704d3-9a7e-34fd-2ba6-d66934a8cdae", "tracking_number": "SC5471734", "risk_score": 0.98, "predicted_eta": "2026-04-10 18:07", "anomaly_detected": true}
2026-04-24 23:28:19,205 INFO prediction_event type=shipment_prediction payload={"shipment_id": "f2154072-da52-0c98-7d9f-75a159402358", "tracking_number": "SC9725427", "risk_score": 0.98, "predicted_eta": "2025-12-29 13:54", "anomaly_detected": true}
2026-04-24 23:28:31,811 INFO prediction_event type=shipment_prediction payload={"shipment_id": "c2ea25b4-efa8-dcf6-4d9f-861e86eb5947", "tracking_number": "SC9669979", "risk_score": 0.98, "predicted_eta": "2026-04-13 13:39", "anomaly_detected": true}
2026-04-24 23:28:37,974 INFO prediction_event type=shipment_prediction payload={"shipment_id": "19f0e4a4-2128-58c1-07e5-fe25db9d020c", "tracking_number": "SC5907517", "risk_score": 0.98, "predicted_eta": "2025-12-07 02:48", "anomaly_detected": true}
2026-04-24 23:28:50,458 INFO prediction_event type=shipment_prediction payload={"shipment_id": "a373bf2e-d1a2-f28c-3280-7b31babc14e1", "tracking_number": "SC2440575", "risk_score": 0.98, "predicted_eta": "2026-04-12 22:36", "anomaly_detected": true}
2026-04-24 23:28:56,692 INFO prediction_event type=shipment_prediction payload={"shipment_id": "57ae5821-e7cf-06fc-9d91-368f1a7d3371", "tracking_number": "SC9707870", "risk_score": 0.98, "predicted_eta": "2026-02-06 12:45", "anomaly_detected": true}
2026-04-24 23:28:56,693 INFO prediction_event type=shipment_prediction payload={"shipment_id": "6fa207fa-3c0f-7ea3-91d0-4e10b2be2cad", "tracking_number": "SC8844572", "risk_score": 0.7784, "predicted_eta": "2026-04-19 21:56", "anomaly_detected": false}
2026-04-24 23:29:09,270 INFO prediction_event type=shipment_prediction payload={"shipment_id": "2e1fc467-24da-ee9a-9778-1771d7a65a04", "tracking_number": "SC9500598", "risk_score": 0.98, "predicted_eta": "2026-04-16 22:46", "anomaly_detected": true}
2026-04-24 23:29:11,269 INFO request path=/api/weather/route-advisories method=GET status=200 duration_ms=20.19
2026-04-24 23:29:11,269 INFO request path=/api/weather method=GET status=200 duration_ms=7.04
2026-04-24 23:29:11,270 INFO request path=/api/shipments/stats method=GET status=200 duration_ms=23.04
2026-04-24 23:29:11,340 INFO request path=/api/shipments method=GET status=200 duration_ms=94.31
2026-04-24 23:29:11,341 INFO request path=/api/alerts method=GET status=200 duration_ms=93.70
2026-04-24 23:29:11,344 INFO request path=/api/analytics/kpis method=GET status=200 duration_ms=75.27
2026-04-24 23:29:11,418 INFO request path=/api/routes/cities method=GET status=200 duration_ms=21.26
2026-04-24 23:29:11,419 INFO request path=/api/analytics/region-disruptions method=GET status=200 duration_ms=50.25
2026-04-24 23:29:11,419 INFO request path=/api/analytics/ai-insights method=GET status=200 duration_ms=8.19
2026-04-24 23:29:11,419 INFO request path=/api/analytics/carrier-performance method=GET status=200 duration_ms=55.86
2026-04-24 23:29:11,420 INFO request path=/api/analytics/monthly-trends method=GET status=200 duration_ms=54.61
2026-04-24 23:29:15,506 INFO prediction_event type=shipment_prediction payload={"shipment_id": "1d97c51a-d2fa-b485-73d1-3b6766e951a1", "tracking_number": "SC8688686", "risk_score": 0.98, "predicted_eta": "2026-04-13 03:53", "anomaly_detected": true}
2026-04-24 23:29:15,507 INFO prediction_event type=shipment_prediction payload={"shipment_id": "eb6ecabb-0601-b97d-87ab-25a00d294626", "tracking_number": "SC2507240", "risk_score": 0.98, "predicted_eta": "2026-04-14 16:48", "anomaly_detected": true}
2026-04-24 23:29:15,508 INFO prediction_event type=shipment_prediction payload={"shipment_id": "631509a1-6601-9bdd-d4e4-08eb4aa6567d", "tracking_number": "SC4874625", "risk_score": 0.9261, "predicted_eta": "2026-04-20 02:46", "anomaly_detected": true}
2026-04-24 23:29:15,508 INFO prediction_event type=shipment_prediction payload={"shipment_id": "bb586d81-f3f2-0ef7-9a57-831f3c18056c", "tracking_number": "SC4933529", "risk_score": 0.98, "predicted_eta": "2026-04-13 02:10", "anomaly_detected": true}
2026-04-24 23:29:21,912 INFO prediction_event type=shipment_prediction payload={"shipment_id": "f4ad7982-1efb-3697-0893-31124709c9ff", "tracking_number": "SC2318087", "risk_score": 0.98, "predicted_eta": "2026-02-05 23:48", "anomaly_detected": true}
2026-04-24 23:29:21,912 INFO prediction_event type=shipment_prediction payload={"shipment_id": "239508b6-6840-2556-4d32-fca1b8d020a9", "tracking_number": "SC7475833", "risk_score": 0.9053, "predicted_eta": "2026-04-13 12:28", "anomaly_detected": true}
2026-04-24 23:29:28,188 INFO prediction_event type=shipment_prediction payload={"shipment_id": "29270899-3a53-3e16-18bb-0076d0fcfe5b", "tracking_number": "SC7234191", "risk_score": 0.98, "predicted_eta": "2026-03-13 21:13", "anomaly_detected": true}
2026-04-24 23:29:28,207 INFO prediction_event type=shipment_prediction payload={"shipment_id": "c0366429-5606-75cb-a69c-937537f4ab96", "tracking_number": "SC6170393", "risk_score": 0.98, "predicted_eta": "2026-04-14 09:52", "anomaly_detected": true}
2026-04-24 23:29:34,452 INFO prediction_event type=shipment_prediction payload={"shipment_id": "32c54270-3ebc-1b07-d208-aaf62b445bea", "tracking_number": "SC1174044", "risk_score": 0.9685, "predicted_eta": "2026-04-14 13:40", "anomaly_detected": true}
2026-04-24 23:29:40,736 INFO prediction_event type=shipment_prediction payload={"shipment_id": "fff19c1f-4ae7-86e9-62db-986e7d4ed463", "tracking_number": "SC5542025", "risk_score": 0.98, "predicted_eta": "2025-10-24 13:59", "anomaly_detected": true}
2026-04-24 23:29:40,738 INFO prediction_event type=shipment_prediction payload={"shipment_id": "c0366429-5606-75cb-a69c-937537f4ab96", "tracking_number": "SC6170393", "risk_score": 0.98, "predicted_eta": "2026-04-14 09:52", "anomaly_detected": true}
2026-04-24 23:29:40,741 INFO prediction_event type=shipment_prediction payload={"shipment_id": "3de82642-9819-bc14-fe97-8ea1b244b4d9", "tracking_number": "SC9356880", "risk_score": 0.98, "predicted_eta": "2026-04-03 14:27", "anomaly_detected": true}
2026-04-24 23:29:46,904 INFO prediction_event type=shipment_prediction payload={"shipment_id": "e17901a7-1f44-477b-3d06-ff59f0f574d7", "tracking_number": "SC7966637", "risk_score": 0.98, "predicted_eta": "2026-04-13 23:54", "anomaly_detected": true}
2026-04-24 23:29:53,126 INFO prediction_event type=shipment_prediction payload={"shipment_id": "a9c11d29-7b46-c0ca-8bbe-4ef3fe84ae94", "tracking_number": "SC8810552", "risk_score": 0.98, "predicted_eta": "2026-01-28 09:36", "anomaly_detected": true}
2026-04-24 23:30:05,507 INFO prediction_event type=shipment_prediction payload={"shipment_id": "2eba2b90-99fa-c129-4dc6-9015c2906023", "tracking_number": "SC3966636", "risk_score": 0.98, "predicted_eta": "2026-04-12 21:52", "anomaly_detected": true}
2026-04-24 23:30:10,864 INFO request path=/api/weather/route-advisories method=GET status=200 duration_ms=18.92
2026-04-24 23:30:10,865 INFO request path=/api/weather method=GET status=200 duration_ms=2.67
2026-04-24 23:30:10,866 INFO request path=/api/shipments/stats method=GET status=200 duration_ms=22.83
2026-04-24 23:30:10,940 INFO request path=/api/shipments method=GET status=200 duration_ms=98.75
2026-04-24 23:30:10,947 INFO request path=/api/alerts method=GET status=200 duration_ms=102.39
2026-04-24 23:30:10,949 INFO request path=/api/analytics/kpis method=GET status=200 duration_ms=85.05
2026-04-24 23:30:10,987 INFO request path=/api/analytics/ai-insights method=GET status=200 duration_ms=3.88
2026-04-24 23:30:10,987 INFO request path=/api/analytics/region-disruptions method=GET status=200 duration_ms=27.82
2026-04-24 23:30:10,988 INFO request path=/api/routes/cities method=GET status=200 duration_ms=3.21
2026-04-24 23:30:11,007 INFO request path=/api/analytics/carrier-performance method=GET status=200 duration_ms=52.95
2026-04-24 23:30:11,007 INFO request path=/api/analytics/monthly-trends method=GET status=200 duration_ms=48.31
2026-04-24 23:30:11,826 INFO prediction_event type=shipment_prediction payload={"shipment_id": "82be22b6-1715-6bad-ffbc-9929cad6d870", "tracking_number": "SC3341318", "risk_score": 0.98, "predicted_eta": "2026-03-13 04:16", "anomaly_detected": true}
2026-04-24 23:30:11,827 INFO prediction_event type=shipment_prediction payload={"shipment_id": "8e3c45c3-ba47-cef7-9cf4-447e1bd75f75", "tracking_number": "SC5868907", "risk_score": 0.98, "predicted_eta": "2026-04-13 17:21", "anomaly_detected": true}
2026-04-24 23:30:18,136 INFO prediction_event type=shipment_prediction payload={"shipment_id": "f1874acb-27c3-0837-3011-06498c9df511", "tracking_number": "SC2823246", "risk_score": 0.98, "predicted_eta": "2026-04-13 04:59", "anomaly_detected": true}
2026-04-24 23:30:19,401 INFO request path=/api/weather/route-advisories method=GET status=200 duration_ms=8.35
2026-04-24 23:30:19,401 INFO request path=/api/weather method=GET status=200 duration_ms=2.67
2026-04-24 23:30:19,402 INFO request path=/api/shipments/stats method=GET status=200 duration_ms=9.80
2026-04-24 23:30:19,456 INFO request path=/api/shipments method=GET status=200 duration_ms=64.57
2026-04-24 23:30:19,457 INFO request path=/api/alerts method=GET status=200 duration_ms=64.67
2026-04-24 23:30:19,458 INFO request path=/api/analytics/kpis method=GET status=200 duration_ms=58.29
2026-04-24 23:30:19,499 INFO request path=/api/analytics/ai-insights method=GET status=200 duration_ms=3.46
2026-04-24 23:30:19,500 INFO request path=/api/analytics/region-disruptions method=GET status=200 duration_ms=38.97
2026-04-24 23:30:19,500 INFO request path=/api/analytics/carrier-performance method=GET status=200 duration_ms=39.64
2026-04-24 23:30:19,500 INFO request path=/api/analytics/monthly-trends method=GET status=200 duration_ms=39.59
2026-04-24 23:30:19,501 INFO request path=/api/routes/cities method=GET status=200 duration_ms=3.46
2026-04-24 23:30:24,392 INFO prediction_event type=shipment_prediction payload={"shipment_id": "b40b4f61-7e9f-f5ca-7c8a-ad6a8eb90caf", "tracking_number": "SC1333066", "risk_score": 0.98, "predicted_eta": "2026-04-15 04:26", "anomaly_detected": true}
2026-04-24 23:30:24,392 INFO prediction_event type=shipment_prediction payload={"shipment_id": "631509a1-6601-9bdd-d4e4-08eb4aa6567d", "tracking_number": "SC4874625", "risk_score": 0.9271, "predicted_eta": "2026-04-20 02:46", "anomaly_detected": true}
2026-04-24 23:30:28,275 INFO request path=/api/weather/route-advisories method=GET status=200 duration_ms=21.12
2026-04-24 23:30:28,276 INFO request path=/api/weather method=GET status=200 duration_ms=5.52
2026-04-24 23:30:28,277 INFO request path=/api/shipments/stats method=GET status=200 duration_ms=24.92
2026-04-24 23:30:28,353 INFO request path=/api/shipments method=GET status=200 duration_ms=102.57
2026-04-24 23:30:28,353 INFO request path=/api/alerts method=GET status=200 duration_ms=101.40
2026-04-24 23:30:28,355 INFO request path=/api/analytics/kpis method=GET status=200 duration_ms=83.11
2026-04-24 23:30:28,405 INFO request path=/api/analytics/carrier-performance method=GET status=200 duration_ms=47.02
2026-04-24 23:30:28,405 INFO request path=/api/analytics/region-disruptions method=GET status=200 duration_ms=42.77
2026-04-24 23:30:28,406 INFO request path=/api/analytics/monthly-trends method=GET status=200 duration_ms=46.03
2026-04-24 23:30:28,406 INFO request path=/api/analytics/ai-insights method=GET status=200 duration_ms=3.20
2026-04-24 23:30:28,406 INFO request path=/api/routes/cities method=GET status=200 duration_ms=2.83
2026-04-24 23:30:30,664 INFO prediction_event type=shipment_prediction payload={"shipment_id": "c06bf170-8938-a564-8978-5fa2096b319b", "tracking_number": "SC3015144", "risk_score": 0.98, "predicted_eta": "2026-04-13 00:58", "anomaly_detected": true}
2026-04-24 23:30:36,917 INFO prediction_event type=shipment_prediction payload={"shipment_id": "7d135822-5d35-0581-ffa4-b24a2063dcf4", "tracking_number": "SC9343028", "risk_score": 0.98, "predicted_eta": "2026-04-23 04:00", "anomaly_detected": true}
2026-04-24 23:30:38,260 INFO request path=/api/weather/route-advisories method=GET status=200 duration_ms=12.65
2026-04-24 23:30:38,261 INFO request path=/api/weather method=GET status=200 duration_ms=4.23
2026-04-24 23:30:38,262 INFO request path=/api/shipments/stats method=GET status=200 duration_ms=15.04
2026-04-24 23:30:38,335 INFO request path=/api/shipments method=GET status=200 duration_ms=89.51
2026-04-24 23:30:38,336 INFO request path=/api/alerts method=GET status=200 duration_ms=88.93
2026-04-24 23:30:38,336 INFO request path=/api/analytics/kpis method=GET status=200 duration_ms=78.59
2026-04-24 23:30:38,382 INFO request path=/api/analytics/ai-insights method=GET status=200 duration_ms=9.20
2026-04-24 23:30:38,382 INFO request path=/api/analytics/region-disruptions method=GET status=200 duration_ms=43.13
2026-04-24 23:30:38,383 INFO request path=/api/analytics/carrier-performance method=GET status=200 duration_ms=43.88
2026-04-24 23:30:38,383 INFO request path=/api/analytics/monthly-trends method=GET status=200 duration_ms=44.01
2026-04-24 23:30:38,383 INFO request path=/api/routes/cities method=GET status=200 duration_ms=2.03
2026-04-24 23:30:43,157 INFO prediction_event type=shipment_prediction payload={"shipment_id": "4adddd05-8a9c-b8f9-85dc-352bfc3a709b", "tracking_number": "SC2014843", "risk_score": 0.98, "predicted_eta": "2026-04-01 18:19", "anomaly_detected": true}
2026-04-24 23:30:48,274 INFO request path=/api/weather/route-advisories method=GET status=200 duration_ms=20.22
2026-04-24 23:30:48,276 INFO request path=/api/weather method=GET status=200 duration_ms=3.86
2026-04-24 23:30:48,276 INFO request path=/api/shipments/stats method=GET status=200 duration_ms=26.18
2026-04-24 23:30:48,344 INFO request path=/api/shipments method=GET status=200 duration_ms=94.79
2026-04-24 23:30:48,345 INFO request path=/api/alerts method=GET status=200 duration_ms=93.17
2026-04-24 23:30:48,346 INFO request path=/api/analytics/kpis method=GET status=200 duration_ms=72.80
2026-04-24 23:30:48,406 INFO request path=/api/analytics/carrier-performance method=GET status=200 duration_ms=57.88
2026-04-24 23:30:48,407 INFO request path=/api/analytics/ai-insights method=GET status=200 duration_ms=31.21
2026-04-24 23:30:48,408 INFO request path=/api/analytics/region-disruptions method=GET status=200 duration_ms=58.95
2026-04-24 23:30:48,409 INFO request path=/api/analytics/monthly-trends method=GET status=200 duration_ms=59.99
2026-04-24 23:30:48,409 INFO request path=/api/routes/cities method=GET status=200 duration_ms=4.58
2026-04-24 23:30:49,457 INFO prediction_event type=shipment_prediction payload={"shipment_id": "651b3e65-27e4-d31f-26c9-fac4cdfe6f20", "tracking_number": "SC9150422", "risk_score": 0.98, "predicted_eta": "2026-04-13 05:15", "anomaly_detected": true}
2026-04-24 23:30:49,458 INFO prediction_event type=shipment_prediction payload={"shipment_id": "9c23a497-1cda-78a7-eb60-9f4523916122", "tracking_number": "SC2549737", "risk_score": 0.98, "predicted_eta": "2026-04-14 22:20", "anomaly_detected": true}
2026-04-24 23:30:49,474 INFO prediction_event type=shipment_prediction payload={"shipment_id": "133077a0-a78e-af34-8517-a43a67df6a4a", "tracking_number": "SC4430143", "risk_score": 0.968, "predicted_eta": "2026-01-07 18:37", "anomaly_detected": true}
2026-04-24 23:30:55,720 INFO prediction_event type=shipment_prediction payload={"shipment_id": "73689519-2198-0d36-2155-f3d2bbf9d90e", "tracking_number": "SC7636834", "risk_score": 0.98, "predicted_eta": "2026-04-13 00:53", "anomaly_detected": true}
2026-04-24 23:30:58,270 INFO request path=/api/weather/route-advisories method=GET status=200 duration_ms=22.04
2026-04-24 23:30:58,271 INFO request path=/api/weather method=GET status=200 duration_ms=6.50
2026-04-24 23:30:58,272 INFO request path=/api/shipments/stats method=GET status=200 duration_ms=25.29
2026-04-24 23:30:58,339 INFO request path=/api/shipments method=GET status=200 duration_ms=93.93
2026-04-24 23:30:58,340 INFO request path=/api/alerts method=GET status=200 duration_ms=92.86
2026-04-24 23:30:58,341 INFO request path=/api/analytics/kpis method=GET status=200 duration_ms=74.33
2026-04-24 23:30:58,375 INFO request path=/api/analytics/ai-insights method=GET status=200 duration_ms=10.38
2026-04-24 23:30:58,381 INFO request path=/api/analytics/region-disruptions method=GET status=200 duration_ms=36.91
2026-04-24 23:30:58,382 INFO request path=/api/routes/cities method=GET status=200 duration_ms=16.39
2026-04-24 23:30:58,384 INFO request path=/api/analytics/monthly-trends method=GET status=200 duration_ms=40.55
2026-04-24 23:30:58,384 INFO request path=/api/analytics/carrier-performance method=GET status=200 duration_ms=41.68
2026-04-24 23:31:02,231 INFO prediction_event type=shipment_prediction payload={"shipment_id": "d7e17530-163b-b952-84c4-76b452be8b2d", "tracking_number": "SC2823462", "risk_score": 0.98, "predicted_eta": "2026-04-13 07:34", "anomaly_detected": true}
2026-04-24 23:31:02,233 INFO prediction_event type=shipment_prediction payload={"shipment_id": "4be4040d-3b28-ad0b-c8ff-2a37bc6af8c1", "tracking_number": "SC1815854", "risk_score": 0.98, "predicted_eta": "2025-10-21 19:29", "anomaly_detected": true}
2026-04-24 23:31:02,234 INFO prediction_event type=shipment_prediction payload={"shipment_id": "4adddd05-8a9c-b8f9-85dc-352bfc3a709b", "tracking_number": "SC2014843", "risk_score": 0.98, "predicted_eta": "2026-04-01 18:19", "anomaly_detected": true}
2026-04-24 23:31:02,236 INFO prediction_event type=shipment_prediction payload={"shipment_id": "8e3c45c3-ba47-cef7-9cf4-447e1bd75f75", "tracking_number": "SC5868907", "risk_score": 0.98, "predicted_eta": "2026-04-13 17:21", "anomaly_detected": true}
2026-04-24 23:31:08,274 INFO request path=/api/weather/route-advisories method=GET status=200 duration_ms=24.33
2026-04-24 23:31:08,275 INFO request path=/api/weather method=GET status=200 duration_ms=6.33
2026-04-24 23:31:08,276 INFO request path=/api/shipments/stats method=GET status=200 duration_ms=27.57
2026-04-24 23:31:08,342 INFO request path=/api/shipments method=GET status=200 duration_ms=95.40
2026-04-24 23:31:08,343 INFO request path=/api/alerts method=GET status=200 duration_ms=94.53
2026-04-24 23:31:08,344 INFO request path=/api/analytics/kpis method=GET status=200 duration_ms=73.02
2026-04-24 23:31:08,385 INFO request path=/api/routes/cities method=GET status=200 duration_ms=16.25
2026-04-24 23:31:08,385 INFO request path=/api/analytics/region-disruptions method=GET status=200 duration_ms=38.03
2026-04-24 23:31:08,385 INFO request path=/api/analytics/ai-insights method=GET status=200 duration_ms=16.84
2026-04-24 23:31:08,386 INFO request path=/api/analytics/carrier-performance method=GET status=200 duration_ms=40.94
2026-04-24 23:31:08,386 INFO request path=/api/analytics/monthly-trends method=GET status=200 duration_ms=40.41
2026-04-24 23:31:08,478 INFO prediction_event type=shipment_prediction payload={"shipment_id": "e3bde622-f5f0-4fd3-734c-3ed049928aeb", "tracking_number": "SC1676620", "risk_score": 0.98, "predicted_eta": "2026-04-12 20:57", "anomaly_detected": true}
2026-04-24 23:31:14,746 INFO prediction_event type=shipment_prediction payload={"shipment_id": "f3fc98c6-4a16-e763-972a-2202eede7d9a", "tracking_number": "SC6872120", "risk_score": 0.98, "predicted_eta": "2026-04-12 05:42", "anomaly_detected": true}
2026-04-24 23:31:14,749 INFO prediction_event type=shipment_prediction payload={"shipment_id": "02f86d94-c236-ed75-0fe6-5cc308b043ef", "tracking_number": "SC6370374", "risk_score": 0.9106, "predicted_eta": "2026-04-29 19:08", "anomaly_detected": true}
2026-04-24 23:31:14,750 INFO prediction_event type=shipment_prediction payload={"shipment_id": "b1721bd8-1872-369c-ae56-eb116738c653", "tracking_number": "SC8198110", "risk_score": 0.98, "predicted_eta": "2026-04-17 04:38", "anomaly_detected": true}
2026-04-24 23:31:27,241 INFO prediction_event type=shipment_prediction payload={"shipment_id": "bc8fb348-3a1a-a2c8-862d-f414f52a0032", "tracking_number": "SC7850070", "risk_score": 0.98, "predicted_eta": "2026-04-13 01:30", "anomaly_detected": true}
2026-04-24 23:31:33,510 INFO prediction_event type=shipment_prediction payload={"shipment_id": "0ac17516-e0d7-3a21-077f-e9d457594b6d", "tracking_number": "SC3153399", "risk_score": 0.98, "predicted_eta": "2026-04-19 05:37", "anomaly_detected": true}
2026-04-24 23:31:33,512 INFO prediction_event type=shipment_prediction payload={"shipment_id": "d1a42061-e004-0926-d1b5-f3a5b7e31914", "tracking_number": "SC5988559", "risk_score": 0.98, "predicted_eta": "2026-04-18 04:34", "anomaly_detected": true}
2026-04-24 23:31:33,514 INFO prediction_event type=shipment_prediction payload={"shipment_id": "29270899-3a53-3e16-18bb-0076d0fcfe5b", "tracking_number": "SC7234191", "risk_score": 0.98, "predicted_eta": "2026-03-13 21:13", "anomaly_detected": true}
2026-04-24 23:31:35,902 INFO request path=/api/weather/route-advisories method=GET status=200 duration_ms=13.40
2026-04-24 23:31:35,902 INFO request path=/api/weather method=GET status=200 duration_ms=4.10
2026-04-24 23:31:35,903 INFO request path=/api/shipments/stats method=GET status=200 duration_ms=15.70
2026-04-24 23:31:36,055 INFO request path=/api/shipments method=GET status=200 duration_ms=167.84
2026-04-24 23:31:36,061 INFO request path=/api/alerts method=GET status=200 duration_ms=173.41
2026-04-24 23:31:36,064 INFO request path=/api/analytics/kpis method=GET status=200 duration_ms=162.97
2026-04-24 23:31:36,118 INFO request path=/api/analytics/ai-insights method=GET status=200 duration_ms=3.69
2026-04-24 23:31:36,118 INFO request path=/api/analytics/carrier-performance method=GET status=200 duration_ms=49.55
2026-04-24 23:31:36,118 INFO request path=/api/analytics/monthly-trends method=GET status=200 duration_ms=48.25
2026-04-24 23:31:36,118 INFO request path=/api/analytics/region-disruptions method=GET status=200 duration_ms=48.32
2026-04-24 23:31:36,119 INFO request path=/api/routes/cities method=GET status=200 duration_ms=3.52
2026-04-24 23:31:38,269 INFO request path=/api/weather/route-advisories method=GET status=200 duration_ms=19.60
2026-04-24 23:31:38,273 INFO request path=/api/weather method=GET status=200 duration_ms=23.78
2026-04-24 23:31:38,274 INFO request path=/api/shipments/stats method=GET status=200 duration_ms=25.44
2026-04-24 23:31:38,342 INFO request path=/api/shipments method=GET status=200 duration_ms=95.02
2026-04-24 23:31:38,343 INFO request path=/api/analytics/kpis method=GET status=200 duration_ms=92.97
2026-04-24 23:31:38,343 INFO request path=/api/alerts method=GET status=200 duration_ms=93.58
2026-04-24 23:31:38,383 INFO request path=/api/analytics/region-disruptions method=GET status=200 duration_ms=36.08
2026-04-24 23:31:38,384 INFO request path=/api/analytics/carrier-performance method=GET status=200 duration_ms=36.70
2026-04-24 23:31:38,384 INFO request path=/api/analytics/monthly-trends method=GET status=200 duration_ms=36.82
2026-04-24 23:31:38,385 INFO request path=/api/analytics/ai-insights method=GET status=200 duration_ms=3.31
2026-04-24 23:31:38,385 INFO request path=/api/routes/cities method=GET status=200 duration_ms=3.38
2026-04-24 23:31:39,806 INFO prediction_event type=shipment_prediction payload={"shipment_id": "c4b561a0-2330-b35e-016e-c2f6f2de65aa", "tracking_number": "SC8040001", "risk_score": 0.98, "predicted_eta": "2026-03-27 08:07", "anomaly_detected": true}
2026-04-24 23:31:39,808 INFO prediction_event type=shipment_prediction payload={"shipment_id": "efa4e6dd-118d-768c-b448-14687a8cb853", "tracking_number": "SC3433187", "risk_score": 0.98, "predicted_eta": "2026-04-16 17:04", "anomaly_detected": true}
2026-04-24 23:31:39,809 INFO prediction_event type=shipment_prediction payload={"shipment_id": "99f6b009-2f5b-cdb6-4925-f3cd43f585f3", "tracking_number": "SC2134129", "risk_score": 0.98, "predicted_eta": "2025-11-07 19:57", "anomaly_detected": true}
2026-04-24 23:31:46,074 INFO prediction_event type=shipment_prediction payload={"shipment_id": "c1221414-e728-d7cd-170a-ced4ae85f12f", "tracking_number": "SC8607573", "risk_score": 0.98, "predicted_eta": "2026-04-14 16:19", "anomaly_detected": true}
2026-04-24 23:31:48,302 INFO request path=/api/weather/route-advisories method=GET status=200 duration_ms=55.26
2026-04-24 23:31:48,302 INFO request path=/api/shipments/stats method=GET status=200 duration_ms=58.06
2026-04-24 23:31:48,302 INFO request path=/api/shipments method=GET status=200 duration_ms=58.89
2026-04-24 23:31:48,304 INFO request path=/api/weather method=GET status=200 duration_ms=1.13
2026-04-24 23:31:48,308 INFO request path=/api/alerts method=GET status=200 duration_ms=64.11
2026-04-24 23:31:48,311 INFO request path=/api/analytics/kpis method=GET status=200 duration_ms=7.74
2026-04-24 23:31:48,350 INFO request path=/api/analytics/monthly-trends method=GET status=200 duration_ms=37.73
2026-04-24 23:31:48,350 INFO request path=/api/analytics/carrier-performance method=GET status=200 duration_ms=38.02
2026-04-24 23:31:48,351 INFO request path=/api/analytics/ai-insights method=GET status=200 duration_ms=3.67
2026-04-24 23:31:48,351 INFO request path=/api/routes/cities method=GET status=200 duration_ms=3.43
2026-04-24 23:31:48,351 INFO request path=/api/analytics/region-disruptions method=GET status=200 duration_ms=5.21
2026-04-24 23:31:52,268 INFO prediction_event type=shipment_prediction payload={"shipment_id": "4cb4812a-ea5f-acb4-c47c-1c28e7253fc9", "tracking_number": "SC3424948", "risk_score": 0.98, "predicted_eta": "2026-04-14 19:03", "anomaly_detected": true}
2026-04-24 23:31:58,275 INFO request path=/api/weather/route-advisories method=GET status=200 duration_ms=22.58
2026-04-24 23:31:58,277 INFO request path=/api/weather method=GET status=200 duration_ms=3.41
2026-04-24 23:31:58,277 INFO request path=/api/shipments/stats method=GET status=200 duration_ms=26.87
2026-04-24 23:31:58,357 INFO request path=/api/shipments method=GET status=200 duration_ms=108.24
2026-04-24 23:31:58,357 INFO request path=/api/alerts method=GET status=200 duration_ms=105.91
2026-04-24 23:31:58,361 INFO request path=/api/analytics/kpis method=GET status=200 duration_ms=85.77
2026-04-24 23:31:58,427 INFO request path=/api/analytics/ai-insights method=GET status=200 duration_ms=28.51
2026-04-24 23:31:58,427 INFO request path=/api/analytics/region-disruptions method=GET status=200 duration_ms=66.17
2026-04-24 23:31:58,428 INFO request path=/api/routes/cities method=GET status=200 duration_ms=28.78
2026-04-24 23:31:58,429 INFO request path=/api/analytics/carrier-performance method=GET status=200 duration_ms=68.45
2026-04-24 23:31:58,429 INFO request path=/api/analytics/monthly-trends method=GET status=200 duration_ms=68.23
2026-04-24 23:31:58,602 INFO prediction_event type=shipment_prediction payload={"shipment_id": "d22f6ccd-50dd-293f-3b72-dc9c92055f17", "tracking_number": "SC9886933", "risk_score": 0.98, "predicted_eta": "2026-04-14 05:18", "anomaly_detected": true}
2026-04-24 23:31:58,607 INFO prediction_event type=shipment_prediction payload={"shipment_id": "133077a0-a78e-af34-8517-a43a67df6a4a", "tracking_number": "SC4430143", "risk_score": 0.968, "predicted_eta": "2026-01-07 18:37", "anomaly_detected": true}
2026-04-24 23:32:04,856 INFO prediction_event type=shipment_prediction payload={"shipment_id": "1631141a-96f9-f7ba-34d4-c4552d2cb71c", "tracking_number": "SC2402525", "risk_score": 0.98, "predicted_eta": "2026-04-15 00:20", "anomaly_detected": true}
2026-04-24 23:32:08,264 INFO request path=/api/weather/route-advisories method=GET status=200 duration_ms=14.84
2026-04-24 23:32:08,264 INFO request path=/api/weather method=GET status=200 duration_ms=2.93
2026-04-24 23:32:08,265 INFO request path=/api/shipments/stats method=GET status=200 duration_ms=17.14
2026-04-24 23:32:08,339 INFO request path=/api/shipments method=GET status=200 duration_ms=93.48
2026-04-24 23:32:08,340 INFO request path=/api/alerts method=GET status=200 duration_ms=92.82
2026-04-24 23:32:08,342 INFO request path=/api/analytics/kpis method=GET status=200 duration_ms=80.05
2026-04-24 23:32:08,438 INFO request path=/api/analytics/region-disruptions method=GET status=200 duration_ms=88.05
2026-04-24 23:32:08,438 INFO request path=/api/routes/cities method=GET status=200 duration_ms=18.02
2026-04-24 23:32:08,438 INFO request path=/api/analytics/ai-insights method=GET status=200 duration_ms=5.65
2026-04-24 23:32:08,438 INFO request path=/api/analytics/carrier-performance method=GET status=200 duration_ms=93.74
2026-04-24 23:32:08,439 INFO request path=/api/analytics/monthly-trends method=GET status=200 duration_ms=92.69
2026-04-24 23:32:17,333 INFO prediction_event type=shipment_prediction payload={"shipment_id": "4d9b4eb8-bc56-1d17-4abe-9f2ee2439f40", "tracking_number": "SC8598227", "risk_score": 0.98, "predicted_eta": "2026-04-21 22:46", "anomaly_detected": true}
2026-04-24 23:32:18,645 INFO request path=/api/weather/route-advisories method=GET status=200 duration_ms=9.40
2026-04-24 23:32:18,646 INFO request path=/api/weather method=GET status=200 duration_ms=3.65
2026-04-24 23:32:18,646 INFO request path=/api/shipments/stats method=GET status=200 duration_ms=11.39
2026-04-24 23:32:18,702 INFO request path=/api/shipments method=GET status=200 duration_ms=68.07
2026-04-24 23:32:18,703 INFO request path=/api/alerts method=GET status=200 duration_ms=67.86
2026-04-24 23:32:18,704 INFO request path=/api/analytics/kpis method=GET status=200 duration_ms=61.26
2026-04-24 23:32:18,747 INFO request path=/api/analytics/ai-insights method=GET status=200 duration_ms=6.37
2026-04-24 23:32:18,747 INFO request path=/api/routes/cities method=GET status=200 duration_ms=6.50
2026-04-24 23:32:18,747 INFO request path=/api/analytics/carrier-performance method=GET status=200 duration_ms=41.11
2026-04-24 23:32:18,747 INFO request path=/api/analytics/monthly-trends method=GET status=200 duration_ms=41.18
2026-04-24 23:32:18,748 INFO request path=/api/analytics/region-disruptions method=GET status=200 duration_ms=40.62
2026-04-24 23:32:23,638 INFO prediction_event type=shipment_prediction payload={"shipment_id": "3a4452eb-99c3-d673-2933-eb86e84ce919", "tracking_number": "SC8600011", "risk_score": 0.98, "predicted_eta": "2026-04-19 16:30", "anomaly_detected": true}
2026-04-24 23:32:28,276 INFO request path=/api/weather/route-advisories method=GET status=200 duration_ms=22.25
2026-04-24 23:32:28,277 INFO request path=/api/weather method=GET status=200 duration_ms=2.64
2026-04-24 23:32:28,277 INFO request path=/api/shipments/stats method=GET status=200 duration_ms=26.21
2026-04-24 23:32:28,344 INFO request path=/api/shipments method=GET status=200 duration_ms=94.86
2026-04-24 23:32:28,345 INFO request path=/api/alerts method=GET status=200 duration_ms=92.28
2026-04-24 23:32:28,346 INFO request path=/api/analytics/kpis method=GET status=200 duration_ms=69.89
2026-04-24 23:32:28,387 INFO request path=/api/analytics/carrier-performance method=GET status=200 duration_ms=39.44
2026-04-24 23:32:28,387 INFO request path=/api/analytics/region-disruptions method=GET status=200 duration_ms=38.83
2026-04-24 23:32:28,388 INFO request path=/api/analytics/ai-insights method=GET status=200 duration_ms=11.31
2026-04-24 23:32:28,388 INFO request path=/api/analytics/monthly-trends method=GET status=200 duration_ms=39.72
2026-04-24 23:32:28,389 INFO request path=/api/routes/cities method=GET status=200 duration_ms=3.20
2026-04-24 23:32:29,963 INFO prediction_event type=shipment_prediction payload={"shipment_id": "ca66d3c3-f39f-d448-e517-591caf309030", "tracking_number": "SC9485585", "risk_score": 0.98, "predicted_eta": "2026-04-13 03:28", "anomaly_detected": true}
2026-04-24 23:32:36,148 INFO prediction_event type=shipment_prediction payload={"shipment_id": "c06bf170-8938-a564-8978-5fa2096b319b", "tracking_number": "SC3015144", "risk_score": 0.98, "predicted_eta": "2026-04-13 00:58", "anomaly_detected": true}
2026-04-24 23:32:42,453 INFO prediction_event type=shipment_prediction payload={"shipment_id": "39c5e3b4-08f3-3206-0438-70de9333de9f", "tracking_number": "SC9612812", "risk_score": 0.9175, "predicted_eta": "2026-04-17 00:07", "anomaly_detected": true}
2026-04-24 23:32:42,453 INFO prediction_event type=shipment_prediction payload={"shipment_id": "4d5b8284-3ef1-3234-6ad4-91bcd408c6fc", "tracking_number": "SC1753031", "risk_score": 0.98, "predicted_eta": "2026-04-18 18:53", "anomaly_detected": true}
2026-04-24 23:32:48,793 INFO prediction_event type=shipment_prediction payload={"shipment_id": "21998710-aa51-08ff-afc6-7ebf70835281", "tracking_number": "SC1969766", "risk_score": 0.8892, "predicted_eta": "2026-04-13 01:58", "anomaly_detected": true}
2026-04-24 23:32:48,796 INFO prediction_event type=shipment_prediction payload={"shipment_id": "71a96fad-e604-a646-cc70-0f272b56915e", "tracking_number": "SC7490166", "risk_score": 0.98, "predicted_eta": "2026-02-26 15:58", "anomaly_detected": true}
2026-04-24 23:32:55,176 INFO prediction_event type=shipment_prediction payload={"shipment_id": "2be6e275-ce2f-40e8-e9dc-47d6e423f101", "tracking_number": "SC8845220", "risk_score": 0.98, "predicted_eta": "2026-04-14 23:32", "anomaly_detected": true}
2026-04-24 23:33:07,805 INFO prediction_event type=shipment_prediction payload={"shipment_id": "14b0d0ff-60f8-f5a5-0632-a0a59612c715", "tracking_number": "SC5053588", "risk_score": 0.98, "predicted_eta": "2026-04-13 04:03", "anomaly_detected": true}
2026-04-24 23:33:07,807 INFO prediction_event type=shipment_prediction payload={"shipment_id": "30b1fc87-1db5-efc7-2962-3cda4415e215", "tracking_number": "SC2207013", "risk_score": 0.98, "predicted_eta": "2026-04-13 21:43", "anomaly_detected": true}
2026-04-24 23:33:11,275 INFO request path=/api/weather/route-advisories method=GET status=200 duration_ms=23.77
2026-04-24 23:33:11,275 INFO request path=/api/weather method=GET status=200 duration_ms=6.76
2026-04-24 23:33:11,276 INFO request path=/api/shipments/stats method=GET status=200 duration_ms=26.65
2026-04-24 23:33:11,346 INFO request path=/api/shipments method=GET status=200 duration_ms=98.33
2026-04-24 23:33:11,347 INFO request path=/api/alerts method=GET status=200 duration_ms=98.00
2026-04-24 23:33:11,350 INFO request path=/api/analytics/kpis method=GET status=200 duration_ms=75.66
2026-04-24 23:33:11,382 INFO request path=/api/analytics/region-disruptions method=GET status=200 duration_ms=22.72
2026-04-24 23:33:11,388 INFO request path=/api/analytics/ai-insights method=GET status=200 duration_ms=9.06
2026-04-24 23:33:11,398 INFO request path=/api/routes/cities method=GET status=200 duration_ms=17.93
2026-04-24 23:33:11,401 INFO request path=/api/analytics/monthly-trends method=GET status=200 duration_ms=43.58
2026-04-24 23:33:11,401 INFO request path=/api/analytics/carrier-performance method=GET status=200 duration_ms=44.50
2026-04-24 23:33:14,073 INFO prediction_event type=shipment_prediction payload={"shipment_id": "20f3e023-6a6f-a905-ca65-066fbffe1d09", "tracking_number": "SC3413701", "risk_score": 0.98, "predicted_eta": "2026-04-22 14:29", "anomaly_detected": true}
2026-04-24 23:33:26,467 INFO prediction_event type=shipment_prediction payload={"shipment_id": "e82022d7-40ec-eb73-ad86-0957008d2691", "tracking_number": "SC2590445", "risk_score": 0.98, "predicted_eta": "2026-04-26 18:18", "anomaly_detected": true}
2026-04-24 23:33:26,468 INFO prediction_event type=shipment_prediction payload={"shipment_id": "48b51345-3e64-59f9-9f4a-a884c0b9a37d", "tracking_number": "SC4459434", "risk_score": 0.98, "predicted_eta": "2026-01-22 23:06", "anomaly_detected": true}
2026-04-24 23:33:26,471 INFO prediction_event type=shipment_prediction payload={"shipment_id": "fdbe2378-c745-1031-728d-8ba05ce5af21", "tracking_number": "SC9388496", "risk_score": 0.98, "predicted_eta": "2026-04-20 09:06", "anomaly_detected": true}
2026-04-24 23:33:38,904 INFO prediction_event type=shipment_prediction payload={"shipment_id": "86c105e3-0d3f-8043-71d4-a408349721b7", "tracking_number": "SC3929066", "risk_score": 0.98, "predicted_eta": "2026-02-10 14:47", "anomaly_detected": true}
2026-04-24 23:33:45,149 INFO prediction_event type=shipment_prediction payload={"shipment_id": "2eba2b90-99fa-c129-4dc6-9015c2906023", "tracking_number": "SC3966636", "risk_score": 0.98, "predicted_eta": "2026-04-12 21:52", "anomaly_detected": true}
2026-04-24 23:33:51,405 INFO prediction_event type=shipment_prediction payload={"shipment_id": "4fda2034-20c3-1ff0-fee2-c668cb0996a9", "tracking_number": "SC2412326", "risk_score": 0.98, "predicted_eta": "2026-03-19 16:13", "anomaly_detected": true}
2026-04-24 23:33:51,407 INFO prediction_event type=shipment_prediction payload={"shipment_id": "6ddafb38-1ff1-2fe8-c9f4-a22e708f5175", "tracking_number": "SC8588028", "risk_score": 0.9737, "predicted_eta": "2026-04-19 05:39", "anomaly_detected": true}
2026-04-24 23:34:10,255 INFO prediction_event type=shipment_prediction payload={"shipment_id": "2cb1574b-7b89-a09b-37f1-ed9d6dfa576b", "tracking_number": "SC9636714", "risk_score": 0.98, "predicted_eta": "2026-02-04 02:10", "anomaly_detected": true}
2026-04-24 23:34:10,257 INFO prediction_event type=shipment_prediction payload={"shipment_id": "88a80dac-5292-d896-186e-68fbed2d9a69", "tracking_number": "SC2296906", "risk_score": 0.98, "predicted_eta": "2026-04-25 19:03", "anomaly_detected": true}
2026-04-24 23:34:11,532 INFO request path=/api/weather/route-advisories method=GET status=200 duration_ms=7.99
2026-04-24 23:34:11,533 INFO request path=/api/weather method=GET status=200 duration_ms=2.64
2026-04-24 23:34:11,533 INFO request path=/api/shipments/stats method=GET status=200 duration_ms=9.63
2026-04-24 23:34:11,590 INFO request path=/api/shipments method=GET status=200 duration_ms=66.69
2026-04-24 23:34:11,591 INFO request path=/api/alerts method=GET status=200 duration_ms=66.76
2026-04-24 23:34:11,592 INFO request path=/api/analytics/kpis method=GET status=200 duration_ms=60.78
2026-04-24 23:34:11,634 INFO request path=/api/analytics/carrier-performance method=GET status=200 duration_ms=39.77
2026-04-24 23:34:11,634 INFO request path=/api/analytics/ai-insights method=GET status=200 duration_ms=3.55
2026-04-24 23:34:11,634 INFO request path=/api/routes/cities method=GET status=200 duration_ms=3.76
2026-04-24 23:34:11,635 INFO request path=/api/analytics/monthly-trends method=GET status=200 duration_ms=40.77
2026-04-24 23:34:11,635 INFO request path=/api/analytics/region-disruptions method=GET status=200 duration_ms=40.24
2026-04-24 23:34:16,527 INFO prediction_event type=shipment_prediction payload={"shipment_id": "62cc2e97-6531-758a-2ac8-233dea9b5294", "tracking_number": "SC4967122", "risk_score": 0.98, "predicted_eta": "2026-04-13 03:17", "anomaly_detected": true}
2026-04-24 23:34:22,843 INFO prediction_event type=shipment_prediction payload={"shipment_id": "d76eedea-92ed-b03b-329c-cfca77b0dfd9", "tracking_number": "SC5066762", "risk_score": 0.98, "predicted_eta": "2026-04-15 07:41", "anomaly_detected": true}
2026-04-24 23:34:29,133 INFO prediction_event type=shipment_prediction payload={"shipment_id": "17d2545a-3ed4-3aaa-2ab5-ac438a84b742", "tracking_number": "SC5709135", "risk_score": 0.98, "predicted_eta": "2026-04-17 13:19", "anomaly_detected": true}
2026-04-24 23:34:29,136 INFO prediction_event type=shipment_prediction payload={"shipment_id": "1c241b9a-47f5-c2f8-735c-be436acda00a", "tracking_number": "SC3979779", "risk_score": 0.911, "predicted_eta": "2026-04-15 06:04", "anomaly_detected": true}
2026-04-24 23:34:41,585 INFO prediction_event type=shipment_prediction payload={"shipment_id": "f3fc98c6-4a16-e763-972a-2202eede7d9a", "tracking_number": "SC6872120", "risk_score": 0.98, "predicted_eta": "2026-04-12 05:42", "anomaly_detected": true}
2026-04-24 23:34:41,589 INFO prediction_event type=shipment_prediction payload={"shipment_id": "16e3a86c-7389-721d-a2dd-c110c360ac95", "tracking_number": "SC2893196", "risk_score": 0.98, "predicted_eta": "2026-04-13 15:33", "anomaly_detected": true}
2026-04-24 23:34:54,094 INFO prediction_event type=shipment_prediction payload={"shipment_id": "62cc2e97-6531-758a-2ac8-233dea9b5294", "tracking_number": "SC4967122", "risk_score": 0.98, "predicted_eta": "2026-04-13 03:18", "anomaly_detected": true}
2026-04-24 23:35:00,275 INFO prediction_event type=shipment_prediction payload={"shipment_id": "88a80dac-5292-d896-186e-68fbed2d9a69", "tracking_number": "SC2296906", "risk_score": 0.98, "predicted_eta": "2026-04-25 19:03", "anomaly_detected": true}
2026-04-24 23:35:06,722 INFO prediction_event type=shipment_prediction payload={"shipment_id": "3d936d94-9d72-5bea-d0d7-42470e3bc02c", "tracking_number": "SC5706361", "risk_score": 0.98, "predicted_eta": "2026-04-17 17:30", "anomaly_detected": true}
2026-04-24 23:35:11,267 INFO request path=/api/weather/route-advisories method=GET status=200 duration_ms=21.52
2026-04-24 23:35:11,268 INFO request path=/api/weather method=GET status=200 duration_ms=2.82
2026-04-24 23:35:11,268 INFO request path=/api/shipments/stats method=GET status=200 duration_ms=24.98
2026-04-24 23:35:11,350 INFO request path=/api/shipments method=GET status=200 duration_ms=108.05
2026-04-24 23:35:11,351 INFO request path=/api/alerts method=GET status=200 duration_ms=106.53
2026-04-24 23:35:11,352 INFO request path=/api/analytics/kpis method=GET status=200 duration_ms=85.65
2026-04-24 23:35:11,394 INFO request path=/api/analytics/monthly-trends method=GET status=200 duration_ms=39.61
2026-04-24 23:35:11,394 INFO request path=/api/analytics/carrier-performance method=GET status=200 duration_ms=40.56
2026-04-24 23:35:11,395 INFO request path=/api/analytics/region-disruptions method=GET status=200 duration_ms=39.69
2026-04-24 23:35:11,395 INFO request path=/api/analytics/ai-insights method=GET status=200 duration_ms=3.56
2026-04-24 23:35:11,395 INFO request path=/api/routes/cities method=GET status=200 duration_ms=3.33
2026-04-24 23:35:13,018 INFO prediction_event type=shipment_prediction payload={"shipment_id": "24275d6e-230e-20df-6af1-d60c4d7401ec", "tracking_number": "SC4121719", "risk_score": 0.9328, "predicted_eta": "2026-04-16 06:54", "anomaly_detected": true}
2026-04-24 23:35:44,358 INFO prediction_event type=shipment_prediction payload={"shipment_id": "58053ef0-eb27-41d8-2888-beb41778e611", "tracking_number": "SC2854579", "risk_score": 0.98, "predicted_eta": "2026-04-17 00:04", "anomaly_detected": true}
2026-04-24 23:35:44,360 INFO prediction_event type=shipment_prediction payload={"shipment_id": "2a6277de-5cf7-77db-6ee2-111ee615136f", "tracking_number": "SC9062864", "risk_score": 0.98, "predicted_eta": "2026-03-26 01:33", "anomaly_detected": true}
2026-04-24 23:35:50,715 INFO prediction_event type=shipment_prediction payload={"shipment_id": "ad92ed40-4146-3063-267b-7cdf6c0cc008", "tracking_number": "SC7428419", "risk_score": 0.98, "predicted_eta": "2026-04-13 03:38", "anomaly_detected": true}
2026-04-24 23:36:09,840 INFO prediction_event type=shipment_prediction payload={"shipment_id": "4d5b8284-3ef1-3234-6ad4-91bcd408c6fc", "tracking_number": "SC1753031", "risk_score": 0.98, "predicted_eta": "2026-04-18 18:53", "anomaly_detected": true}
2026-04-24 23:36:11,341 INFO request path=/api/weather/route-advisories method=GET status=200 duration_ms=58.42
2026-04-24 23:36:11,342 INFO request path=/api/shipments/stats method=GET status=200 duration_ms=62.82
2026-04-24 23:36:11,342 INFO request path=/api/shipments method=GET status=200 duration_ms=63.83
2026-04-24 23:36:11,343 INFO request path=/api/weather method=GET status=200 duration_ms=53.05
2026-04-24 23:36:11,348 INFO request path=/api/alerts method=GET status=200 duration_ms=67.91
2026-04-24 23:36:11,351 INFO request path=/api/analytics/kpis method=GET status=200 duration_ms=9.35
2026-04-24 23:36:11,362 INFO request path=/api/analytics/ai-insights method=GET status=200 duration_ms=2.69
2026-04-24 23:36:11,363 INFO request path=/api/routes/cities method=GET status=200 duration_ms=2.89
2026-04-24 23:36:11,376 INFO request path=/api/analytics/region-disruptions method=GET status=200 duration_ms=24.13
2026-04-24 23:36:11,395 INFO request path=/api/analytics/carrier-performance method=GET status=200 duration_ms=44.17
2026-04-24 23:36:11,395 INFO request path=/api/analytics/monthly-trends method=GET status=200 duration_ms=44.05
2026-04-24 23:36:16,057 INFO prediction_event type=shipment_prediction payload={"shipment_id": "62cc2e97-6531-758a-2ac8-233dea9b5294", "tracking_number": "SC4967122", "risk_score": 0.98, "predicted_eta": "2026-04-13 03:18", "anomaly_detected": true}
2026-04-24 23:36:16,059 INFO prediction_event type=shipment_prediction payload={"shipment_id": "f91c8a3e-444d-afef-30e1-d790492f7da8", "tracking_number": "SC6642481", "risk_score": 0.98, "predicted_eta": "2026-04-16 09:41", "anomaly_detected": true}
2026-04-24 23:36:22,416 INFO prediction_event type=shipment_prediction payload={"shipment_id": "8464a7df-ea2e-3a98-8769-e8ab12b672eb", "tracking_number": "SC1386987", "risk_score": 0.98, "predicted_eta": "2026-04-12 23:00", "anomaly_detected": true}
2026-04-24 23:36:22,418 INFO prediction_event type=shipment_prediction payload={"shipment_id": "1c241b9a-47f5-c2f8-735c-be436acda00a", "tracking_number": "SC3979779", "risk_score": 0.9132, "predicted_eta": "2026-04-15 06:05", "anomaly_detected": true}
2026-04-24 23:36:22,420 INFO prediction_event type=shipment_prediction payload={"shipment_id": "f3cbc297-ec1d-2643-f142-77384554a815", "tracking_number": "SC7640239", "risk_score": 0.98, "predicted_eta": "2026-04-14 05:38", "anomaly_detected": true}
2026-04-24 23:36:22,421 INFO prediction_event type=shipment_prediction payload={"shipment_id": "4fda2034-20c3-1ff0-fee2-c668cb0996a9", "tracking_number": "SC2412326", "risk_score": 0.98, "predicted_eta": "2026-03-19 16:13", "anomaly_detected": true}
2026-04-24 23:36:25,767 INFO prediction_event type=shipment_prediction payload={"shipment_id": "3de82642-9819-bc14-fe97-8ea1b244b4d9", "tracking_number": "SC9356880", "risk_score": 0.98, "predicted_eta": "2026-04-03 14:27", "anomaly_detected": true}
2026-04-24 23:36:25,767 INFO prediction_event type=shipment_prediction payload={"shipment_id": "8305f3b8-cb44-7c18-0636-6d05d3df81df", "tracking_number": "SC2727353", "risk_score": 0.98, "predicted_eta": "2026-04-16 23:50", "anomaly_detected": true}
2026-04-24 23:36:25,767 INFO prediction_event type=shipment_prediction payload={"shipment_id": "b8ac0cc7-edfa-bbfb-a323-4ad9e717ae1b", "tracking_number": "SC1884158", "risk_score": 0.98, "predicted_eta": "2026-04-12 21:34", "anomaly_detected": true}
2026-04-24 23:36:25,768 INFO prediction_event type=shipment_prediction payload={"shipment_id": "46d0dc9e-14ba-b0be-c677-eb26f6dfcc8b", "tracking_number": "SC6759541", "risk_score": 0.98, "predicted_eta": "2026-04-17 03:01", "anomaly_detected": true}
2026-04-24 23:36:25,768 INFO prediction_event type=shipment_prediction payload={"shipment_id": "ad92ed40-4146-3063-267b-7cdf6c0cc008", "tracking_number": "SC7428419", "risk_score": 0.98, "predicted_eta": "2026-04-13 03:38", "anomaly_detected": true}
2026-04-24 23:36:25,768 INFO prediction_event type=shipment_prediction payload={"shipment_id": "0cee9ac0-54ec-385b-8be7-c49b9507c5a9", "tracking_number": "SC6066316", "risk_score": 0.98, "predicted_eta": "2026-04-13 14:02", "anomaly_detected": true}
2026-04-24 23:36:25,768 INFO prediction_event type=shipment_prediction payload={"shipment_id": "c2a1537d-2739-b5b7-aace-78804c71b70c", "tracking_number": "SC3592770", "risk_score": 0.98, "predicted_eta": "2026-04-12 23:05", "anomaly_detected": true}
2026-04-24 23:36:25,769 INFO prediction_event type=shipment_prediction payload={"shipment_id": "dcf8df2b-171e-8050-b5f3-51346ec46b34", "tracking_number": "SC5227231", "risk_score": 0.98, "predicted_eta": "2026-04-13 03:03", "anomaly_detected": true}
2026-04-24 23:36:25,769 INFO prediction_event type=shipment_prediction payload={"shipment_id": "355b60c8-03f4-1a10-b325-19b9c3ea29c0", "tracking_number": "SC1567681", "risk_score": 0.98, "predicted_eta": "2026-04-13 05:58", "anomaly_detected": true}
2026-04-24 23:36:25,769 INFO prediction_event type=shipment_prediction payload={"shipment_id": "bef89416-b340-dee4-858b-b058861516e4", "tracking_number": "SC2718790", "risk_score": 0.98, "predicted_eta": "2026-04-18 13:59", "anomaly_detected": true}
2026-04-24 23:36:25,770 INFO prediction_event type=shipment_prediction payload={"shipment_id": "757ba228-4aa3-8bf7-8460-afd8280e4fe7", "tracking_number": "SC7326407", "risk_score": 0.98, "predicted_eta": "2026-04-17 13:20", "anomaly_detected": true}
2026-04-24 23:36:25,770 INFO prediction_event type=shipment_prediction payload={"shipment_id": "eb6ecabb-0601-b97d-87ab-25a00d294626", "tracking_number": "SC2507240", "risk_score": 0.98, "predicted_eta": "2026-04-14 16:48", "anomaly_detected": true}
2026-04-24 23:36:25,770 INFO prediction_event type=shipment_prediction payload={"shipment_id": "314f1bd8-4570-558a-3c40-af2b7173fea9", "tracking_number": "SC3411224", "risk_score": 0.98, "predicted_eta": "2026-04-24 06:06", "anomaly_detected": true}
2026-04-24 23:36:25,770 INFO prediction_event type=shipment_prediction payload={"shipment_id": "5c43c3ad-92a6-f388-a957-70b1097c7bda", "tracking_number": "SC8698608", "risk_score": 0.98, "predicted_eta": "2025-11-14 18:49", "anomaly_detected": true}
2026-04-24 23:36:25,771 INFO prediction_event type=shipment_prediction payload={"shipment_id": "3d8f8a80-416f-d034-2a66-82f92defabbb", "tracking_number": "SC8312197", "risk_score": 0.98, "predicted_eta": "2026-04-13 08:09", "anomaly_detected": true}
2026-04-24 23:36:25,771 INFO prediction_event type=shipment_prediction payload={"shipment_id": "5a69d681-63f7-585c-d298-74d8b9a884f5", "tracking_number": "SC7778975", "risk_score": 0.98, "predicted_eta": "2026-04-18 06:14", "anomaly_detected": true}
2026-04-24 23:36:25,771 INFO prediction_event type=shipment_prediction payload={"shipment_id": "af11062c-ff8e-0832-4307-acab29c4ddfc", "tracking_number": "SC1267889", "risk_score": 0.98, "predicted_eta": "2026-04-14 01:17", "anomaly_detected": true}
2026-04-24 23:36:25,771 INFO prediction_event type=shipment_prediction payload={"shipment_id": "836e7873-666b-cf5c-5cea-eeea4af4caa5", "tracking_number": "SC2364887", "risk_score": 0.98, "predicted_eta": "2026-04-15 12:31", "anomaly_detected": true}
2026-04-24 23:36:25,772 INFO prediction_event type=shipment_prediction payload={"shipment_id": "50290c56-bb6b-a5a5-d538-f3f08605b01f", "tracking_number": "SC4529213", "risk_score": 0.98, "predicted_eta": "2026-04-26 09:37", "anomaly_detected": true}
2026-04-24 23:36:25,772 INFO prediction_event type=shipment_prediction payload={"shipment_id": "cb8876e7-22c6-a753-787f-49469e5bdd70", "tracking_number": "SC8328873", "risk_score": 0.98, "predicted_eta": "2026-04-21 09:23", "anomaly_detected": true}
2026-04-24 23:36:25,772 INFO prediction_event type=shipment_prediction payload={"shipment_id": "ebe05d73-8d74-96f3-aa36-a1729dd7ac92", "tracking_number": "SC2013474", "risk_score": 0.98, "predicted_eta": "2026-04-13 13:13", "anomaly_detected": true}
2026-04-24 23:36:25,772 INFO prediction_event type=shipment_prediction payload={"shipment_id": "30b1fc87-1db5-efc7-2962-3cda4415e215", "tracking_number": "SC2207013", "risk_score": 0.98, "predicted_eta": "2026-04-13 21:43", "anomaly_detected": true}
2026-04-24 23:36:25,773 INFO prediction_event type=shipment_prediction payload={"shipment_id": "e3bde622-f5f0-4fd3-734c-3ed049928aeb", "tracking_number": "SC1676620", "risk_score": 0.98, "predicted_eta": "2026-04-12 20:57", "anomaly_detected": true}
2026-04-24 23:36:25,773 INFO prediction_event type=shipment_prediction payload={"shipment_id": "d7e17530-163b-b952-84c4-76b452be8b2d", "tracking_number": "SC2823462", "risk_score": 0.98, "predicted_eta": "2026-04-13 07:34", "anomaly_detected": true}
2026-04-24 23:36:25,773 INFO prediction_event type=shipment_prediction payload={"shipment_id": "6dc7a4df-9ca5-b26a-e679-6355f126a83d", "tracking_number": "SC4180265", "risk_score": 0.98, "predicted_eta": "2025-10-14 07:52", "anomaly_detected": true}
2026-04-24 23:36:25,773 INFO prediction_event type=shipment_prediction payload={"shipment_id": "ef0c54b0-054a-7865-532e-b1b16e6aa115", "tracking_number": "SC7564005", "risk_score": 0.98, "predicted_eta": "2026-04-18 08:45", "anomaly_detected": true}
2026-04-24 23:36:25,774 INFO prediction_event type=shipment_prediction payload={"shipment_id": "cf795608-6aca-22e1-e193-ae1bf97edff8", "tracking_number": "SC1780946", "risk_score": 0.98, "predicted_eta": "2026-04-18 08:50", "anomaly_detected": true}
2026-04-24 23:36:25,774 INFO prediction_event type=shipment_prediction payload={"shipment_id": "0cef1704-c5ab-852b-f9b7-7592478823ca", "tracking_number": "SC8315702", "risk_score": 0.98, "predicted_eta": "2026-04-13 06:49", "anomaly_detected": true}
2026-04-24 23:36:25,774 INFO prediction_event type=shipment_prediction payload={"shipment_id": "54edc0ca-7a83-f020-6cd0-dbc316ce904c", "tracking_number": "SC5357875", "risk_score": 0.98, "predicted_eta": "2026-04-16 05:23", "anomaly_detected": true}
2026-04-24 23:36:25,774 INFO prediction_event type=shipment_prediction payload={"shipment_id": "1c6bdf9d-620a-a911-6b50-593e709f2390", "tracking_number": "SC5617805", "risk_score": 0.98, "predicted_eta": "2026-04-19 14:31", "anomaly_detected": true}
2026-04-24 23:36:25,775 INFO prediction_event type=shipment_prediction payload={"shipment_id": "f91c8a3e-444d-afef-30e1-d790492f7da8", "tracking_number": "SC6642481", "risk_score": 0.98, "predicted_eta": "2026-04-16 09:41", "anomaly_detected": true}
2026-04-24 23:36:25,775 INFO prediction_event type=shipment_prediction payload={"shipment_id": "4be4040d-3b28-ad0b-c8ff-2a37bc6af8c1", "tracking_number": "SC1815854", "risk_score": 0.98, "predicted_eta": "2025-10-21 19:29", "anomaly_detected": true}
2026-04-24 23:36:25,775 INFO prediction_event type=shipment_prediction payload={"shipment_id": "f5a76411-2ebb-b125-41c8-76439a8c8963", "tracking_number": "SC4154773", "risk_score": 0.98, "predicted_eta": "2026-01-14 09:55", "anomaly_detected": true}
2026-04-24 23:36:25,775 INFO prediction_event type=shipment_prediction payload={"shipment_id": "d9b9205f-bb27-6ac5-13ff-a285c970e809", "tracking_number": "SC1599184", "risk_score": 0.98, "predicted_eta": "2026-04-13 00:17", "anomaly_detected": true}
2026-04-24 23:36:25,776 INFO prediction_event type=shipment_prediction payload={"shipment_id": "c06bf170-8938-a564-8978-5fa2096b319b", "tracking_number": "SC3015144", "risk_score": 0.98, "predicted_eta": "2026-04-13 00:58", "anomaly_detected": true}
2026-04-24 23:36:25,776 INFO prediction_event type=shipment_prediction payload={"shipment_id": "d69b4276-6799-1965-3ac2-15f7bc565578", "tracking_number": "SC7482139", "risk_score": 0.98, "predicted_eta": "2026-04-16 17:48", "anomaly_detected": true}
2026-04-24 23:36:25,776 INFO prediction_event type=shipment_prediction payload={"shipment_id": "7b086a4f-5e62-14d8-b594-273bc364a918", "tracking_number": "SC3078468", "risk_score": 0.98, "predicted_eta": "2026-04-13 00:05", "anomaly_detected": true}
2026-04-24 23:36:25,776 INFO prediction_event type=shipment_prediction payload={"shipment_id": "c3f90c3d-f5e3-a004-05a9-d572be1c55a9", "tracking_number": "SC8461923", "risk_score": 0.98, "predicted_eta": "2026-04-14 10:13", "anomaly_detected": true}
2026-04-24 23:36:25,777 INFO prediction_event type=shipment_prediction payload={"shipment_id": "340cca8c-4991-1c4c-666a-319ca9acc3c3", "tracking_number": "SC1568173", "risk_score": 0.98, "predicted_eta": "2026-04-14 13:49", "anomaly_detected": true}
2026-04-24 23:36:25,777 INFO prediction_event type=shipment_prediction payload={"shipment_id": "2e1fc467-24da-ee9a-9778-1771d7a65a04", "tracking_number": "SC9500598", "risk_score": 0.98, "predicted_eta": "2026-04-16 22:46", "anomaly_detected": true}
2026-04-24 23:36:25,777 INFO prediction_event type=shipment_prediction payload={"shipment_id": "ec947b5d-e712-64b7-d820-8b39e8adf20c", "tracking_number": "SC3742195", "risk_score": 0.98, "predicted_eta": "2026-04-13 09:43", "anomaly_detected": true}
2026-04-24 23:36:25,777 INFO prediction_event type=shipment_prediction payload={"shipment_id": "dcc094d5-bf6e-0be2-1af6-7af5d2a98398", "tracking_number": "SC5393522", "risk_score": 0.98, "predicted_eta": "2026-04-13 02:42", "anomaly_detected": true}
2026-04-24 23:36:25,778 INFO prediction_event type=shipment_prediction payload={"shipment_id": "e17901a7-1f44-477b-3d06-ff59f0f574d7", "tracking_number": "SC7966637", "risk_score": 0.98, "predicted_eta": "2026-04-13 23:54", "anomaly_detected": true}
2026-04-24 23:36:25,778 INFO prediction_event type=shipment_prediction payload={"shipment_id": "aba704d3-9a7e-34fd-2ba6-d66934a8cdae", "tracking_number": "SC5471734", "risk_score": 0.98, "predicted_eta": "2026-04-10 18:07", "anomaly_detected": true}
2026-04-24 23:36:25,778 INFO prediction_event type=shipment_prediction payload={"shipment_id": "88ee8693-a174-47c4-7cee-1ab8aa8a2c23", "tracking_number": "SC2800843", "risk_score": 0.98, "predicted_eta": "2026-04-15 11:16", "anomaly_detected": true}
2026-04-24 23:36:25,779 INFO prediction_event type=shipment_prediction payload={"shipment_id": "7506d712-3724-54bf-94c6-646884751e02", "tracking_number": "SC2382359", "risk_score": 0.98, "predicted_eta": "2026-05-05 14:40", "anomaly_detected": true}
2026-04-24 23:36:25,779 INFO prediction_event type=shipment_prediction payload={"shipment_id": "a3ebd69b-9ca7-4ece-8085-e4b6408c6696", "tracking_number": "SC8045055", "risk_score": 0.98, "predicted_eta": "2026-04-11 14:43", "anomaly_detected": true}
2026-04-24 23:36:25,779 INFO prediction_event type=shipment_prediction payload={"shipment_id": "f5a6079b-2224-5c0a-e6be-6f08b9bee7dc", "tracking_number": "SC7753348", "risk_score": 0.98, "predicted_eta": "2026-04-16 00:24", "anomaly_detected": true}
2026-04-24 23:36:25,779 INFO prediction_event type=shipment_prediction payload={"shipment_id": "2cb1574b-7b89-a09b-37f1-ed9d6dfa576b", "tracking_number": "SC9636714", "risk_score": 0.98, "predicted_eta": "2026-02-04 02:10", "anomaly_detected": true}
2026-04-24 23:36:25,780 INFO prediction_event type=shipment_prediction payload={"shipment_id": "8e3c45c3-ba47-cef7-9cf4-447e1bd75f75", "tracking_number": "SC5868907", "risk_score": 0.98, "predicted_eta": "2026-04-13 17:21", "anomaly_detected": true}
2026-04-24 23:36:25,780 INFO prediction_event type=shipment_prediction payload={"shipment_id": "fdbe2378-c745-1031-728d-8ba05ce5af21", "tracking_number": "SC9388496", "risk_score": 0.98, "predicted_eta": "2026-04-20 09:06", "anomaly_detected": true}
2026-04-24 23:36:25,780 INFO prediction_event type=shipment_prediction payload={"shipment_id": "0bd5ea1a-eedf-5668-714e-518b122a0605", "tracking_number": "SC8123578", "risk_score": 0.98, "predicted_eta": "2026-04-12 21:34", "anomaly_detected": true}
2026-04-24 23:36:25,780 INFO prediction_event type=shipment_prediction payload={"shipment_id": "d01edc3a-0814-8d23-6372-5205efe5706d", "tracking_number": "SC1832012", "risk_score": 0.98, "predicted_eta": "2026-04-16 06:17", "anomaly_detected": true}
2026-04-24 23:36:25,781 INFO prediction_event type=shipment_prediction payload={"shipment_id": "e82022d7-40ec-eb73-ad86-0957008d2691", "tracking_number": "SC2590445", "risk_score": 0.98, "predicted_eta": "2026-04-26 18:18", "anomaly_detected": true}
2026-04-24 23:36:25,781 INFO prediction_event type=shipment_prediction payload={"shipment_id": "347349cf-0dcb-87c0-d29c-c212308e8653", "tracking_number": "SC5549442", "risk_score": 0.98, "predicted_eta": "2026-04-19 21:16", "anomaly_detected": true}
2026-04-24 23:36:25,781 INFO prediction_event type=shipment_prediction payload={"shipment_id": "4f9e9576-513e-4a1a-f250-32dd415bfa74", "tracking_number": "SC8449980", "risk_score": 0.98, "predicted_eta": "2026-04-18 02:26", "anomaly_detected": true}
2026-04-24 23:36:25,781 INFO prediction_event type=shipment_prediction payload={"shipment_id": "60784a67-274c-1666-9d1b-b7d4d6ea8604", "tracking_number": "SC7545004", "risk_score": 0.98, "predicted_eta": "2026-04-15 18:11", "anomaly_detected": true}
2026-04-24 23:36:25,782 INFO prediction_event type=shipment_prediction payload={"shipment_id": "4d0f1a3b-3b21-e922-53a8-9bb83ebff8ac", "tracking_number": "SC1360913", "risk_score": 0.98, "predicted_eta": "2026-04-29 21:38", "anomaly_detected": true}
2026-04-24 23:36:25,782 INFO prediction_event type=shipment_prediction payload={"shipment_id": "8464a7df-ea2e-3a98-8769-e8ab12b672eb", "tracking_number": "SC1386987", "risk_score": 0.98, "predicted_eta": "2026-04-12 23:00", "anomaly_detected": true}
2026-04-24 23:36:25,782 INFO prediction_event type=shipment_prediction payload={"shipment_id": "c2ea25b4-efa8-dcf6-4d9f-861e86eb5947", "tracking_number": "SC9669979", "risk_score": 0.98, "predicted_eta": "2026-04-13 13:39", "anomaly_detected": true}
2026-04-24 23:36:25,782 INFO prediction_event type=shipment_prediction payload={"shipment_id": "62cc2e97-6531-758a-2ac8-233dea9b5294", "tracking_number": "SC4967122", "risk_score": 0.98, "predicted_eta": "2026-04-13 03:18", "anomaly_detected": true}
2026-04-24 23:36:25,783 INFO prediction_event type=shipment_prediction payload={"shipment_id": "f925fe10-fab4-241a-1258-1f519d6f0fe5", "tracking_number": "SC4742893", "risk_score": 0.98, "predicted_eta": "2026-04-27 07:10", "anomaly_detected": true}
2026-04-24 23:36:25,783 INFO prediction_event type=shipment_prediction payload={"shipment_id": "435d8419-5767-0bf7-c0c9-e2e9f6733ba1", "tracking_number": "SC8357138", "risk_score": 0.98, "predicted_eta": "2026-04-21 03:38", "anomaly_detected": true}
2026-04-24 23:36:25,783 INFO prediction_event type=shipment_prediction payload={"shipment_id": "35594020-68fe-fad7-0ade-6511ee1c6504", "tracking_number": "SC1540053", "risk_score": 0.98, "predicted_eta": "2026-04-13 21:36", "anomaly_detected": true}
2026-04-24 23:36:25,783 INFO prediction_event type=shipment_prediction payload={"shipment_id": "d1a42061-e004-0926-d1b5-f3a5b7e31914", "tracking_number": "SC5988559", "risk_score": 0.98, "predicted_eta": "2026-04-18 04:34", "anomaly_detected": true}
2026-04-24 23:36:25,784 INFO prediction_event type=shipment_prediction payload={"shipment_id": "ce8ce65c-defd-c0c3-3a4c-566605e83b01", "tracking_number": "SC2424618", "risk_score": 0.98, "predicted_eta": "2026-04-13 01:36", "anomaly_detected": true}
2026-04-24 23:36:25,784 INFO prediction_event type=shipment_prediction payload={"shipment_id": "a373bf2e-d1a2-f28c-3280-7b31babc14e1", "tracking_number": "SC2440575", "risk_score": 0.98, "predicted_eta": "2026-04-12 22:36", "anomaly_detected": true}
2026-04-24 23:36:25,784 INFO prediction_event type=shipment_prediction payload={"shipment_id": "20f3e023-6a6f-a905-ca65-066fbffe1d09", "tracking_number": "SC3413701", "risk_score": 0.98, "predicted_eta": "2026-04-22 14:29", "anomaly_detected": true}
2026-04-24 23:36:25,784 INFO prediction_event type=shipment_prediction payload={"shipment_id": "fff19c1f-4ae7-86e9-62db-986e7d4ed463", "tracking_number": "SC5542025", "risk_score": 0.98, "predicted_eta": "2025-10-24 13:59", "anomaly_detected": true}
2026-04-24 23:36:25,785 INFO prediction_event type=shipment_prediction payload={"shipment_id": "5def921d-8978-4bb8-a93b-63b45fe5d951", "tracking_number": "SC6031012", "risk_score": 0.98, "predicted_eta": "2026-04-13 10:46", "anomaly_detected": true}
2026-04-24 23:36:25,785 INFO prediction_event type=shipment_prediction payload={"shipment_id": "9586e342-7d22-b86b-7178-1362981f2ee5", "tracking_number": "SC4080765", "risk_score": 0.98, "predicted_eta": "2026-04-21 18:17", "anomaly_detected": true}
2026-04-24 23:36:25,785 INFO prediction_event type=shipment_prediction payload={"shipment_id": "a345e9e0-0aef-0828-9948-a9064ea88c35", "tracking_number": "SC4630924", "risk_score": 0.98, "predicted_eta": "2026-04-18 22:13", "anomaly_detected": true}
2026-04-24 23:36:25,785 INFO prediction_event type=shipment_prediction payload={"shipment_id": "45bea202-c826-8a0d-7e5c-ca07c69744d7", "tracking_number": "SC2378557", "risk_score": 0.98, "predicted_eta": "2026-04-18 02:07", "anomaly_detected": true}
2026-04-24 23:36:25,786 INFO prediction_event type=shipment_prediction payload={"shipment_id": "3365f5fe-4a0c-8984-cca7-a2b1f2c86d2f", "tracking_number": "SC2799273", "risk_score": 0.98, "predicted_eta": "2026-04-18 20:45", "anomaly_detected": true}
2026-04-24 23:36:25,786 INFO prediction_event type=shipment_prediction payload={"shipment_id": "83e1f43b-cd1f-005f-0edf-cde378e072b1", "tracking_number": "SC1652121", "risk_score": 0.98, "predicted_eta": "2026-04-14 23:06", "anomaly_detected": true}
2026-04-24 23:36:25,786 INFO prediction_event type=shipment_prediction payload={"shipment_id": "5aa9c51a-a33a-30d9-5825-1552e051e25f", "tracking_number": "SC7144270", "risk_score": 0.98, "predicted_eta": "2026-04-12 21:20", "anomaly_detected": true}
2026-04-24 23:36:25,786 INFO prediction_event type=shipment_prediction payload={"shipment_id": "7d135822-5d35-0581-ffa4-b24a2063dcf4", "tracking_number": "SC9343028", "risk_score": 0.98, "predicted_eta": "2026-04-23 04:00", "anomaly_detected": true}
2026-04-24 23:36:25,787 INFO prediction_event type=shipment_prediction payload={"shipment_id": "a6ac1bb9-d790-cdb0-2afa-67396587e68f", "tracking_number": "SC1121415", "risk_score": 0.98, "predicted_eta": "2026-04-12 12:04", "anomaly_detected": true}
2026-04-24 23:36:25,787 INFO prediction_event type=shipment_prediction payload={"shipment_id": "6acc6eef-c94a-72fd-c3b0-d00ed844c24d", "tracking_number": "SC9467863", "risk_score": 0.98, "predicted_eta": "2026-04-15 21:08", "anomaly_detected": true}
2026-04-24 23:36:25,787 INFO prediction_event type=shipment_prediction payload={"shipment_id": "fd4c7c59-136a-56d0-cf01-9a060573f452", "tracking_number": "SC8136810", "risk_score": 0.98, "predicted_eta": "2026-04-14 01:58", "anomaly_detected": true}
2026-04-24 23:36:25,787 INFO prediction_event type=shipment_prediction payload={"shipment_id": "4281f290-6b8a-005e-ade7-ebd25abe712e", "tracking_number": "SC6844805", "risk_score": 0.98, "predicted_eta": "2026-04-13 11:21", "anomaly_detected": true}
2026-04-24 23:36:25,788 INFO prediction_event type=shipment_prediction payload={"shipment_id": "1d4669ce-381b-84aa-0ce2-70b4e5abfd23", "tracking_number": "SC8711005", "risk_score": 0.98, "predicted_eta": "2026-04-12 22:57", "anomaly_detected": true}
2026-04-24 23:36:25,788 INFO prediction_event type=shipment_prediction payload={"shipment_id": "ca64e815-45b1-a079-b55c-95f9cdc8fd53", "tracking_number": "SC6131577", "risk_score": 0.98, "predicted_eta": "2026-04-18 14:43", "anomaly_detected": true}
2026-04-24 23:36:25,788 INFO prediction_event type=shipment_prediction payload={"shipment_id": "f6781446-f468-101c-3e8d-d00a18969228", "tracking_number": "SC5557881", "risk_score": 0.98, "predicted_eta": "2026-04-12 22:36", "anomaly_detected": true}
2026-04-24 23:36:25,788 INFO prediction_event type=shipment_prediction payload={"shipment_id": "b1721bd8-1872-369c-ae56-eb116738c653", "tracking_number": "SC8198110", "risk_score": 0.98, "predicted_eta": "2026-04-17 04:38", "anomaly_detected": true}
2026-04-24 23:36:25,789 INFO prediction_event type=shipment_prediction payload={"shipment_id": "276c1b83-6800-8655-a7f9-07710bea5fd5", "tracking_number": "SC7961366", "risk_score": 0.98, "predicted_eta": "2026-04-16 14:26", "anomaly_detected": true}
2026-04-24 23:36:25,789 INFO prediction_event type=shipment_prediction payload={"shipment_id": "fd916171-7fcf-35d5-3bfb-2e237bb56e9a", "tracking_number": "SC6331432", "risk_score": 0.98, "predicted_eta": "2026-04-15 03:43", "anomaly_detected": true}
2026-04-24 23:36:25,789 INFO prediction_event type=shipment_prediction payload={"shipment_id": "52ee095c-23fb-094d-48b5-68145925d2c8", "tracking_number": "SC5109990", "risk_score": 0.98, "predicted_eta": "2026-04-15 22:36", "anomaly_detected": true}
2026-04-24 23:36:25,790 INFO prediction_event type=shipment_prediction payload={"shipment_id": "88a80dac-5292-d896-186e-68fbed2d9a69", "tracking_number": "SC2296906", "risk_score": 0.98, "predicted_eta": "2026-04-25 19:03", "anomaly_detected": true}
2026-04-24 23:36:25,790 INFO prediction_event type=shipment_prediction payload={"shipment_id": "0e753e46-3cf1-3464-9ed2-203529618b2a", "tracking_number": "SC5712635", "risk_score": 0.98, "predicted_eta": "2026-04-13 02:12", "anomaly_detected": true}
2026-04-24 23:36:25,790 INFO prediction_event type=shipment_prediction payload={"shipment_id": "4adddd05-8a9c-b8f9-85dc-352bfc3a709b", "tracking_number": "SC2014843", "risk_score": 0.98, "predicted_eta": "2026-04-01 18:19", "anomaly_detected": true}
2026-04-24 23:36:25,790 INFO prediction_event type=shipment_prediction payload={"shipment_id": "9de2e583-f663-6520-bb23-bf2de8c46d47", "tracking_number": "SC3457584", "risk_score": 0.98, "predicted_eta": "2026-03-27 22:04", "anomaly_detected": true}
2026-04-24 23:36:25,791 INFO prediction_event type=shipment_prediction payload={"shipment_id": "5dfe35e2-412d-a1d9-dc1f-1f19829e9073", "tracking_number": "SC7794065", "risk_score": 0.98, "predicted_eta": "2025-12-22 01:25", "anomaly_detected": true}
2026-04-24 23:36:25,791 INFO prediction_event type=shipment_prediction payload={"shipment_id": "f4ad7982-1efb-3697-0893-31124709c9ff", "tracking_number": "SC2318087", "risk_score": 0.98, "predicted_eta": "2026-02-05 23:48", "anomaly_detected": true}
2026-04-24 23:36:25,791 INFO prediction_event type=shipment_prediction payload={"shipment_id": "72d782a3-5bda-4838-129e-fe95313a258f", "tracking_number": "SC1100530", "risk_score": 0.98, "predicted_eta": "2026-04-19 18:09", "anomaly_detected": true}
2026-04-24 23:36:25,792 INFO prediction_event type=shipment_prediction payload={"shipment_id": "82be22b6-1715-6bad-ffbc-9929cad6d870", "tracking_number": "SC3341318", "risk_score": 0.98, "predicted_eta": "2026-03-13 04:16", "anomaly_detected": true}
2026-04-24 23:36:25,792 INFO prediction_event type=shipment_prediction payload={"shipment_id": "29270899-3a53-3e16-18bb-0076d0fcfe5b", "tracking_number": "SC7234191", "risk_score": 0.98, "predicted_eta": "2026-03-13 21:13", "anomaly_detected": true}
2026-04-24 23:36:25,792 INFO prediction_event type=shipment_prediction payload={"shipment_id": "dd2bbeca-7809-0bca-1dae-339e0254fad6", "tracking_number": "SC9913771", "risk_score": 0.98, "predicted_eta": "2026-04-13 03:44", "anomaly_detected": true}
2026-04-24 23:36:25,792 INFO prediction_event type=shipment_prediction payload={"shipment_id": "17d2545a-3ed4-3aaa-2ab5-ac438a84b742", "tracking_number": "SC5709135", "risk_score": 0.98, "predicted_eta": "2026-04-17 13:19", "anomaly_detected": true}
2026-04-24 23:36:25,793 INFO prediction_event type=shipment_prediction payload={"shipment_id": "5afa92f1-25bb-7263-f3bb-f5d3a1c9969f", "tracking_number": "SC9844248", "risk_score": 0.98, "predicted_eta": "2025-11-25 15:44", "anomaly_detected": true}
2026-04-24 23:36:25,793 INFO prediction_event type=shipment_prediction payload={"shipment_id": "30bdfc2c-6fb7-fe7e-8e6d-3b0f6c2b1f4a", "tracking_number": "SC4012267", "risk_score": 0.98, "predicted_eta": "2026-04-19 21:54", "anomaly_detected": true}
2026-04-24 23:36:25,793 INFO prediction_event type=shipment_prediction payload={"shipment_id": "6df570f8-e19b-f1f3-498e-e944ce543f77", "tracking_number": "SC1737206", "risk_score": 0.98, "predicted_eta": "2026-03-15 15:15", "anomaly_detected": true}
2026-04-24 23:36:25,793 INFO prediction_event type=shipment_prediction payload={"shipment_id": "3a4452eb-99c3-d673-2933-eb86e84ce919", "tracking_number": "SC8600011", "risk_score": 0.98, "predicted_eta": "2026-04-19 16:30", "anomaly_detected": true}
2026-04-24 23:36:25,794 INFO prediction_event type=shipment_prediction payload={"shipment_id": "16ef15c7-41c9-d863-f05e-73209e3f6463", "tracking_number": "SC8514626", "risk_score": 0.98, "predicted_eta": "2025-10-15 04:50", "anomaly_detected": true}
2026-04-24 23:36:25,794 INFO prediction_event type=shipment_prediction payload={"shipment_id": "2a998fc2-fca9-c014-5cfa-209bbe5a4b65", "tracking_number": "SC1419315", "risk_score": 0.98, "predicted_eta": "2026-04-12 03:34", "anomaly_detected": true}
2026-04-24 23:36:25,794 INFO prediction_event type=shipment_prediction payload={"shipment_id": "efc365e3-27e2-cd3d-9b35-97ba4f0a713a", "tracking_number": "SC2545294", "risk_score": 0.98, "predicted_eta": "2026-04-15 18:51", "anomaly_detected": true}
2026-04-24 23:36:25,795 INFO prediction_event type=shipment_prediction payload={"shipment_id": "535c5b65-a9c8-f7bd-919f-d318ec14715a", "tracking_number": "SC1282328", "risk_score": 0.98, "predicted_eta": "2026-01-19 22:25", "anomaly_detected": true}
2026-04-24 23:36:25,795 INFO prediction_event type=shipment_prediction payload={"shipment_id": "90a0496e-117e-655d-03ab-a47fba3a9daa", "tracking_number": "SC5005039", "risk_score": 0.98, "predicted_eta": "2025-11-15 18:16", "anomaly_detected": true}
2026-04-24 23:36:25,795 INFO prediction_event type=shipment_prediction payload={"shipment_id": "d64886f0-86c7-7927-d747-4f306b5f9415", "tracking_number": "SC5851623", "risk_score": 0.98, "predicted_eta": "2026-04-25 11:19", "anomaly_detected": true}
2026-04-24 23:36:25,795 INFO prediction_event type=shipment_prediction payload={"shipment_id": "c4b561a0-2330-b35e-016e-c2f6f2de65aa", "tracking_number": "SC8040001", "risk_score": 0.98, "predicted_eta": "2026-03-27 08:07", "anomaly_detected": true}
2026-04-24 23:36:25,796 INFO prediction_event type=shipment_prediction payload={"shipment_id": "d76eedea-92ed-b03b-329c-cfca77b0dfd9", "tracking_number": "SC5066762", "risk_score": 0.98, "predicted_eta": "2026-04-15 07:41", "anomaly_detected": true}
2026-04-24 23:36:25,796 INFO prediction_event type=shipment_prediction payload={"shipment_id": "355171f0-3220-a4b8-b9fa-f996ce43a309", "tracking_number": "SC3562160", "risk_score": 0.98, "predicted_eta": "2026-01-02 08:45", "anomaly_detected": true}
2026-04-24 23:36:25,796 INFO prediction_event type=shipment_prediction payload={"shipment_id": "1d97c51a-d2fa-b485-73d1-3b6766e951a1", "tracking_number": "SC8688686", "risk_score": 0.98, "predicted_eta": "2026-04-13 03:53", "anomaly_detected": true}
2026-04-24 23:36:25,796 INFO prediction_event type=shipment_prediction payload={"shipment_id": "9c23a497-1cda-78a7-eb60-9f4523916122", "tracking_number": "SC2549737", "risk_score": 0.98, "predicted_eta": "2026-04-14 22:20", "anomaly_detected": true}
2026-04-24 23:36:25,797 INFO prediction_event type=shipment_prediction payload={"shipment_id": "cab12cec-a328-b411-58b9-c452dcf1d951", "tracking_number": "SC7910768", "risk_score": 0.98, "predicted_eta": "2026-04-13 00:17", "anomaly_detected": true}
2026-04-24 23:36:25,797 INFO prediction_event type=shipment_prediction payload={"shipment_id": "86c105e3-0d3f-8043-71d4-a408349721b7", "tracking_number": "SC3929066", "risk_score": 0.98, "predicted_eta": "2026-02-10 14:47", "anomaly_detected": true}
2026-04-24 23:36:25,797 INFO prediction_event type=shipment_prediction payload={"shipment_id": "d377e0a7-a631-5a16-2021-f76c69cd93d4", "tracking_number": "SC1030020", "risk_score": 0.98, "predicted_eta": "2026-04-14 07:25", "anomaly_detected": true}
2026-04-24 23:36:25,797 INFO prediction_event type=shipment_prediction payload={"shipment_id": "99f6b009-2f5b-cdb6-4925-f3cd43f585f3", "tracking_number": "SC2134129", "risk_score": 0.98, "predicted_eta": "2025-11-07 19:57", "anomaly_detected": true}
2026-04-24 23:36:25,798 INFO prediction_event type=shipment_prediction payload={"shipment_id": "57ae5821-e7cf-06fc-9d91-368f1a7d3371", "tracking_number": "SC9707870", "risk_score": 0.98, "predicted_eta": "2026-02-06 12:45", "anomaly_detected": true}
2026-04-24 23:36:25,798 INFO prediction_event type=shipment_prediction payload={"shipment_id": "19f0e4a4-2128-58c1-07e5-fe25db9d020c", "tracking_number": "SC5907517", "risk_score": 0.98, "predicted_eta": "2025-12-07 02:48", "anomaly_detected": true}
2026-04-24 23:36:25,798 INFO prediction_event type=shipment_prediction payload={"shipment_id": "b4ef78f2-b394-43df-5fcc-7aa4a24367f3", "tracking_number": "SC9929603", "risk_score": 0.98, "predicted_eta": "2025-12-30 20:25", "anomaly_detected": true}
2026-04-24 23:36:25,799 INFO prediction_event type=shipment_prediction payload={"shipment_id": "ddd483d2-b0fd-3872-a3f4-6ec229cf712e", "tracking_number": "SC9243145", "risk_score": 0.98, "predicted_eta": "2026-04-21 04:46", "anomaly_detected": true}
2026-04-24 23:36:25,799 INFO prediction_event type=shipment_prediction payload={"shipment_id": "4d9b4eb8-bc56-1d17-4abe-9f2ee2439f40", "tracking_number": "SC8598227", "risk_score": 0.98, "predicted_eta": "2026-04-21 22:46", "anomaly_detected": true}
2026-04-24 23:36:25,799 INFO prediction_event type=shipment_prediction payload={"shipment_id": "94fa0d9e-31a7-aa15-85ec-5f0a08415c5a", "tracking_number": "SC8391611", "risk_score": 0.98, "predicted_eta": "2026-03-20 22:55", "anomaly_detected": true}
2026-04-24 23:36:25,799 INFO prediction_event type=shipment_prediction payload={"shipment_id": "a9c11d29-7b46-c0ca-8bbe-4ef3fe84ae94", "tracking_number": "SC8810552", "risk_score": 0.98, "predicted_eta": "2026-01-28 09:36", "anomaly_detected": true}
2026-04-24 23:36:25,800 INFO prediction_event type=shipment_prediction payload={"shipment_id": "16e3a86c-7389-721d-a2dd-c110c360ac95", "tracking_number": "SC2893196", "risk_score": 0.98, "predicted_eta": "2026-04-13 15:33", "anomaly_detected": true}
2026-04-24 23:36:25,800 INFO prediction_event type=shipment_prediction payload={"shipment_id": "d22f6ccd-50dd-293f-3b72-dc9c92055f17", "tracking_number": "SC9886933", "risk_score": 0.98, "predicted_eta": "2026-04-14 05:18", "anomaly_detected": true}
2026-04-24 23:36:25,800 INFO prediction_event type=shipment_prediction payload={"shipment_id": "14b0d0ff-60f8-f5a5-0632-a0a59612c715", "tracking_number": "SC5053588", "risk_score": 0.98, "predicted_eta": "2026-04-13 04:03", "anomaly_detected": true}
2026-04-24 23:36:25,801 INFO prediction_event type=shipment_prediction payload={"shipment_id": "a96f0553-6777-66ca-88b6-3adc7f6503f0", "tracking_number": "SC5840254", "risk_score": 0.98, "predicted_eta": "2026-03-07 21:51", "anomaly_detected": true}
2026-04-24 23:36:25,801 INFO prediction_event type=shipment_prediction payload={"shipment_id": "ca66d3c3-f39f-d448-e517-591caf309030", "tracking_number": "SC9485585", "risk_score": 0.98, "predicted_eta": "2026-04-13 03:28", "anomaly_detected": true}
2026-04-24 23:36:25,801 INFO prediction_event type=shipment_prediction payload={"shipment_id": "5af2883f-bfad-fa1c-6910-9f5a0d5b3335", "tracking_number": "SC7133330", "risk_score": 0.98, "predicted_eta": "2026-03-29 21:21", "anomaly_detected": true}
2026-04-24 23:36:25,801 INFO prediction_event type=shipment_prediction payload={"shipment_id": "f1da58df-6918-c284-7a0b-c9898032e2f7", "tracking_number": "SC9921835", "risk_score": 0.98, "predicted_eta": "2025-11-26 21:10", "anomaly_detected": true}
2026-04-24 23:36:25,802 INFO prediction_event type=shipment_prediction payload={"shipment_id": "4d5b8284-3ef1-3234-6ad4-91bcd408c6fc", "tracking_number": "SC1753031", "risk_score": 0.98, "predicted_eta": "2026-04-18 18:53", "anomaly_detected": true}
2026-04-24 23:36:25,802 INFO prediction_event type=shipment_prediction payload={"shipment_id": "2eba2b90-99fa-c129-4dc6-9015c2906023", "tracking_number": "SC3966636", "risk_score": 0.98, "predicted_eta": "2026-04-12 21:52", "anomaly_detected": true}
2026-04-24 23:36:25,802 INFO prediction_event type=shipment_prediction payload={"shipment_id": "0ac17516-e0d7-3a21-077f-e9d457594b6d", "tracking_number": "SC3153399", "risk_score": 0.98, "predicted_eta": "2026-04-19 05:37", "anomaly_detected": true}
2026-04-24 23:36:25,802 INFO prediction_event type=shipment_prediction payload={"shipment_id": "4ada2426-6a07-c43e-c8af-3c84d783ce3b", "tracking_number": "SC8691719", "risk_score": 0.98, "predicted_eta": "2026-04-14 03:20", "anomaly_detected": true}
2026-04-24 23:36:25,803 INFO prediction_event type=shipment_prediction payload={"shipment_id": "ac2e118b-a253-9aa7-93d8-87f63e83e0e8", "tracking_number": "SC5819902", "risk_score": 0.98, "predicted_eta": "2026-04-19 16:36", "anomaly_detected": true}
2026-04-24 23:36:25,803 INFO prediction_event type=shipment_prediction payload={"shipment_id": "f19a0e65-71a3-8612-a8a4-e9694c9a6afa", "tracking_number": "SC4036335", "risk_score": 0.98, "predicted_eta": "2026-04-13 05:17", "anomaly_detected": true}
2026-04-24 23:36:25,803 INFO prediction_event type=shipment_prediction payload={"shipment_id": "0af08d64-b84e-1f5d-f881-f6825bac7e48", "tracking_number": "SC3896141", "risk_score": 0.98, "predicted_eta": "2026-04-17 03:40", "anomaly_detected": true}
2026-04-24 23:36:25,804 INFO prediction_event type=shipment_prediction payload={"shipment_id": "88ea56e1-f04b-8ce8-27ee-7f9d9e3a5c5e", "tracking_number": "SC5971886", "risk_score": 0.98, "predicted_eta": "2025-11-11 07:53", "anomaly_detected": true}
2026-04-24 23:36:25,804 INFO prediction_event type=shipment_prediction payload={"shipment_id": "c1221414-e728-d7cd-170a-ced4ae85f12f", "tracking_number": "SC8607573", "risk_score": 0.98, "predicted_eta": "2026-04-14 16:19", "anomaly_detected": true}
2026-04-24 23:36:25,804 INFO prediction_event type=shipment_prediction payload={"shipment_id": "097148ec-0f7b-9bcd-6b59-85b97dacb9c2", "tracking_number": "SC7485163", "risk_score": 0.98, "predicted_eta": "2026-04-15 05:37", "anomaly_detected": true}
2026-04-24 23:36:25,805 INFO prediction_event type=shipment_prediction payload={"shipment_id": "2be6e275-ce2f-40e8-e9dc-47d6e423f101", "tracking_number": "SC8845220", "risk_score": 0.98, "predicted_eta": "2026-04-14 23:32", "anomaly_detected": true}
2026-04-24 23:36:25,805 INFO prediction_event type=shipment_prediction payload={"shipment_id": "bc8fb348-3a1a-a2c8-862d-f414f52a0032", "tracking_number": "SC7850070", "risk_score": 0.98, "predicted_eta": "2026-04-13 01:30", "anomaly_detected": true}
2026-04-24 23:36:25,805 INFO prediction_event type=shipment_prediction payload={"shipment_id": "a0d2b32b-a707-02de-53cf-9f16dd341d1d", "tracking_number": "SC6564924", "risk_score": 0.98, "predicted_eta": "2026-04-12 15:42", "anomaly_detected": true}
2026-04-24 23:36:25,805 INFO prediction_event type=shipment_prediction payload={"shipment_id": "4fda2034-20c3-1ff0-fee2-c668cb0996a9", "tracking_number": "SC2412326", "risk_score": 0.98, "predicted_eta": "2026-03-19 16:13", "anomaly_detected": true}
2026-04-24 23:36:25,806 INFO prediction_event type=shipment_prediction payload={"shipment_id": "c0fc1eea-0e0a-e81f-9bbb-802cbe572948", "tracking_number": "SC6254556", "risk_score": 0.98, "predicted_eta": "2026-04-11 09:52", "anomaly_detected": true}
2026-04-24 23:36:25,806 INFO prediction_event type=shipment_prediction payload={"shipment_id": "3bf0d404-f086-30cd-1d4e-7e7ff1147b7d", "tracking_number": "SC9746705", "risk_score": 0.98, "predicted_eta": "2026-04-08 01:26", "anomaly_detected": true}
2026-04-24 23:36:25,806 INFO prediction_event type=shipment_prediction payload={"shipment_id": "56fae189-280c-1c9a-150a-2e60b5fa7d0c", "tracking_number": "SC3373421", "risk_score": 0.98, "predicted_eta": "2026-01-19 02:42", "anomaly_detected": true}
2026-04-24 23:36:25,806 INFO prediction_event type=shipment_prediction payload={"shipment_id": "d6b7daf0-bef7-e3ff-5a5b-a9ca19f3b42f", "tracking_number": "SC4261142", "risk_score": 0.98, "predicted_eta": "2026-04-13 13:45", "anomaly_detected": true}
2026-04-24 23:36:25,807 INFO prediction_event type=shipment_prediction payload={"shipment_id": "366a8be8-4cae-2a83-c559-2227d76b8525", "tracking_number": "SC7631531", "risk_score": 0.98, "predicted_eta": "2026-04-16 20:01", "anomaly_detected": true}
2026-04-24 23:36:25,807 INFO prediction_event type=shipment_prediction payload={"shipment_id": "6020ee91-12dd-1964-66ea-d103c33ac34b", "tracking_number": "SC6322073", "risk_score": 0.98, "predicted_eta": "2026-04-13 23:30", "anomaly_detected": true}
2026-04-24 23:36:25,807 INFO prediction_event type=shipment_prediction payload={"shipment_id": "73689519-2198-0d36-2155-f3d2bbf9d90e", "tracking_number": "SC7636834", "risk_score": 0.98, "predicted_eta": "2026-04-13 00:53", "anomaly_detected": true}
2026-04-24 23:36:25,807 INFO prediction_event type=shipment_prediction payload={"shipment_id": "48b51345-3e64-59f9-9f4a-a884c0b9a37d", "tracking_number": "SC4459434", "risk_score": 0.98, "predicted_eta": "2026-01-22 23:06", "anomaly_detected": true}
2026-04-24 23:36:25,808 INFO prediction_event type=shipment_prediction payload={"shipment_id": "a0cbfc25-dad6-ca53-86bf-8fee152d3623", "tracking_number": "SC7884485", "risk_score": 0.98, "predicted_eta": "2026-04-15 21:04", "anomaly_detected": true}
2026-04-24 23:36:25,808 INFO prediction_event type=shipment_prediction payload={"shipment_id": "4cb4812a-ea5f-acb4-c47c-1c28e7253fc9", "tracking_number": "SC3424948", "risk_score": 0.98, "predicted_eta": "2026-04-14 19:03", "anomaly_detected": true}
2026-04-24 23:36:25,808 INFO prediction_event type=shipment_prediction payload={"shipment_id": "71a96fad-e604-a646-cc70-0f272b56915e", "tracking_number": "SC7490166", "risk_score": 0.98, "predicted_eta": "2026-02-26 15:58", "anomaly_detected": true}
2026-04-24 23:36:25,808 INFO prediction_event type=shipment_prediction payload={"shipment_id": "dee519ae-9911-22f4-33a2-962508ae2767", "tracking_number": "SC2464342", "risk_score": 0.98, "predicted_eta": "2026-04-15 01:40", "anomaly_detected": true}
2026-04-24 23:36:25,809 INFO prediction_event type=shipment_prediction payload={"shipment_id": "6ff80c76-1876-fe4b-f19a-d122ce0ba881", "tracking_number": "SC2175513", "risk_score": 0.98, "predicted_eta": "2026-04-14 08:40", "anomaly_detected": true}
2026-04-24 23:36:25,809 INFO prediction_event type=shipment_prediction payload={"shipment_id": "e5ea75d2-2679-2dc5-1461-325ff53a8213", "tracking_number": "SC9376830", "risk_score": 0.98, "predicted_eta": "2026-04-15 09:20", "anomaly_detected": true}
2026-04-24 23:36:25,809 INFO prediction_event type=shipment_prediction payload={"shipment_id": "bb586d81-f3f2-0ef7-9a57-831f3c18056c", "tracking_number": "SC4933529", "risk_score": 0.98, "predicted_eta": "2026-04-13 02:10", "anomaly_detected": true}
2026-04-24 23:36:25,809 INFO prediction_event type=shipment_prediction payload={"shipment_id": "14dd4bf4-8d9c-9dc6-7e16-0159f3db081b", "tracking_number": "SC9240881", "risk_score": 0.98, "predicted_eta": "2026-02-15 11:25", "anomaly_detected": true}
2026-04-24 23:36:25,810 INFO prediction_event type=shipment_prediction payload={"shipment_id": "71573233-7bc2-fd07-7ab4-bd383752db1d", "tracking_number": "SC7308431", "risk_score": 0.98, "predicted_eta": "2026-04-13 23:12", "anomaly_detected": true}
2026-04-24 23:36:25,810 INFO prediction_event type=shipment_prediction payload={"shipment_id": "502989ef-ac0c-c3a2-32d3-8dc7973e7683", "tracking_number": "SC8748280", "risk_score": 0.98, "predicted_eta": "2026-03-18 08:50", "anomaly_detected": true}
2026-04-24 23:36:25,810 INFO prediction_event type=shipment_prediction payload={"shipment_id": "a9a298f8-e3c6-d652-998c-a8d27afed8cb", "tracking_number": "SC7903070", "risk_score": 0.98, "predicted_eta": "2026-02-04 21:27", "anomaly_detected": true}
2026-04-24 23:36:25,810 INFO prediction_event type=shipment_prediction payload={"shipment_id": "032725e0-de05-2f27-0d55-d26093580562", "tracking_number": "SC1103026", "risk_score": 0.98, "predicted_eta": "2026-04-14 18:00", "anomaly_detected": true}
2026-04-24 23:36:25,811 INFO prediction_event type=shipment_prediction payload={"shipment_id": "f3fc98c6-4a16-e763-972a-2202eede7d9a", "tracking_number": "SC6872120", "risk_score": 0.98, "predicted_eta": "2026-04-12 05:42", "anomaly_detected": true}
2026-04-24 23:36:25,811 INFO prediction_event type=shipment_prediction payload={"shipment_id": "efa4e6dd-118d-768c-b448-14687a8cb853", "tracking_number": "SC3433187", "risk_score": 0.98, "predicted_eta": "2026-04-16 17:04", "anomaly_detected": true}
2026-04-24 23:36:25,811 INFO prediction_event type=shipment_prediction payload={"shipment_id": "b40b4f61-7e9f-f5ca-7c8a-ad6a8eb90caf", "tracking_number": "SC1333066", "risk_score": 0.98, "predicted_eta": "2026-04-15 04:26", "anomaly_detected": true}
2026-04-24 23:36:25,811 INFO prediction_event type=shipment_prediction payload={"shipment_id": "cbbf2b51-8bbc-065e-fc56-4c492116f3d5", "tracking_number": "SC8872537", "risk_score": 0.98, "predicted_eta": "2026-04-02 00:44", "anomaly_detected": true}
2026-04-24 23:36:25,812 INFO prediction_event type=shipment_prediction payload={"shipment_id": "62d4e621-1b6b-150d-cb11-979d8b7952c1", "tracking_number": "SC6112774", "risk_score": 0.98, "predicted_eta": "2026-04-16 18:25", "anomaly_detected": true}
2026-04-24 23:36:25,812 INFO prediction_event type=shipment_prediction payload={"shipment_id": "f2154072-da52-0c98-7d9f-75a159402358", "tracking_number": "SC9725427", "risk_score": 0.98, "predicted_eta": "2025-12-29 13:54", "anomaly_detected": true}
2026-04-24 23:36:25,812 INFO prediction_event type=shipment_prediction payload={"shipment_id": "786d27b9-5940-26d8-d832-7740f7896a57", "tracking_number": "SC8908002", "risk_score": 0.98, "predicted_eta": "2026-04-14 21:13", "anomaly_detected": true}
2026-04-24 23:36:25,812 INFO prediction_event type=shipment_prediction payload={"shipment_id": "fd2b87fd-2382-cb4a-28a5-a7e5f7932e2c", "tracking_number": "SC3997383", "risk_score": 0.98, "predicted_eta": "2026-04-17 02:15", "anomaly_detected": true}
2026-04-24 23:36:25,813 INFO prediction_event type=shipment_prediction payload={"shipment_id": "08d0c945-0c43-aa62-74c2-891ad61148c5", "tracking_number": "SC4600625", "risk_score": 0.98, "predicted_eta": "2026-04-13 14:11", "anomaly_detected": true}
2026-04-24 23:36:25,813 INFO prediction_event type=shipment_prediction payload={"shipment_id": "35527903-4ea6-4d26-cae9-6b1a86424c0c", "tracking_number": "SC1684740", "risk_score": 0.98, "predicted_eta": "2026-04-12 21:42", "anomaly_detected": true}
2026-04-24 23:36:25,813 INFO prediction_event type=shipment_prediction payload={"shipment_id": "3d936d94-9d72-5bea-d0d7-42470e3bc02c", "tracking_number": "SC5706361", "risk_score": 0.98, "predicted_eta": "2026-04-17 17:30", "anomaly_detected": true}
2026-04-24 23:36:25,813 INFO prediction_event type=shipment_prediction payload={"shipment_id": "30134e4f-47a6-2b9b-e603-f4cef70faac3", "tracking_number": "SC2931685", "risk_score": 0.98, "predicted_eta": "2026-01-16 23:49", "anomaly_detected": true}
2026-04-24 23:36:25,814 INFO prediction_event type=shipment_prediction payload={"shipment_id": "651b3e65-27e4-d31f-26c9-fac4cdfe6f20", "tracking_number": "SC9150422", "risk_score": 0.98, "predicted_eta": "2026-04-13 05:15", "anomaly_detected": true}
2026-04-24 23:36:25,814 INFO prediction_event type=shipment_prediction payload={"shipment_id": "58053ef0-eb27-41d8-2888-beb41778e611", "tracking_number": "SC2854579", "risk_score": 0.98, "predicted_eta": "2026-04-17 00:04", "anomaly_detected": true}
2026-04-24 23:36:28,706 INFO prediction_event type=shipment_prediction payload={"shipment_id": "35527903-4ea6-4d26-cae9-6b1a86424c0c", "tracking_number": "SC1684740", "risk_score": 0.98, "predicted_eta": "2026-04-12 21:42", "anomaly_detected": true}
2026-04-24 23:36:41,168 INFO prediction_event type=shipment_prediction payload={"shipment_id": "836e7873-666b-cf5c-5cea-eeea4af4caa5", "tracking_number": "SC2364887", "risk_score": 0.98, "predicted_eta": "2026-04-15 12:31", "anomaly_detected": true}
2026-04-24 23:36:41,170 INFO prediction_event type=shipment_prediction payload={"shipment_id": "52ee095c-23fb-094d-48b5-68145925d2c8", "tracking_number": "SC5109990", "risk_score": 0.98, "predicted_eta": "2026-04-15 22:36", "anomaly_detected": true}
2026-04-24 23:36:47,434 INFO prediction_event type=shipment_prediction payload={"shipment_id": "1c241b9a-47f5-c2f8-735c-be436acda00a", "tracking_number": "SC3979779", "risk_score": 0.9142, "predicted_eta": "2026-04-15 06:05", "anomaly_detected": true}
2026-04-24 23:36:53,715 INFO prediction_event type=shipment_prediction payload={"shipment_id": "c794f211-7f4c-4c13-7ef2-17753fcbbd4a", "tracking_number": "SC1199887", "risk_score": 0.9753, "predicted_eta": "2026-04-17 19:14", "anomaly_detected": true}
2026-04-24 23:36:53,717 INFO prediction_event type=shipment_prediction payload={"shipment_id": "b4ef78f2-b394-43df-5fcc-7aa4a24367f3", "tracking_number": "SC9929603", "risk_score": 0.98, "predicted_eta": "2025-12-30 20:25", "anomaly_detected": true}
2026-04-24 23:36:53,720 INFO prediction_event type=shipment_prediction payload={"shipment_id": "08d0c945-0c43-aa62-74c2-891ad61148c5", "tracking_number": "SC4600625", "risk_score": 0.98, "predicted_eta": "2026-04-13 14:13", "anomaly_detected": true}
2026-04-24 23:37:11,304 INFO request path=/api/weather/route-advisories method=GET status=200 duration_ms=21.08
2026-04-24 23:37:11,305 INFO request path=/api/weather method=GET status=200 duration_ms=6.43
2026-04-24 23:37:11,305 INFO request path=/api/shipments/stats method=GET status=200 duration_ms=24.19
2026-04-24 23:37:11,430 INFO request path=/api/shipments method=GET status=200 duration_ms=150.31
2026-04-24 23:37:11,440 INFO request path=/api/alerts method=GET status=200 duration_ms=158.35
2026-04-24 23:37:11,440 INFO request path=/api/analytics/kpis method=GET status=200 duration_ms=137.03
2026-04-24 23:37:11,463 INFO request path=/api/routes/cities method=GET status=200 duration_ms=4.04
2026-04-24 23:37:11,463 INFO request path=/api/analytics/ai-insights method=GET status=200 duration_ms=4.33
2026-04-24 23:37:11,464 INFO request path=/api/analytics/region-disruptions method=GET status=200 duration_ms=19.13
2026-04-24 23:37:11,491 INFO request path=/api/analytics/carrier-performance method=GET status=200 duration_ms=48.63
2026-04-24 23:37:11,492 INFO request path=/api/analytics/monthly-trends method=GET status=200 duration_ms=48.28
2026-04-24 23:37:12,551 INFO prediction_event type=shipment_prediction payload={"shipment_id": "c0366429-5606-75cb-a69c-937537f4ab96", "tracking_number": "SC6170393", "risk_score": 0.98, "predicted_eta": "2026-04-14 09:52", "anomaly_detected": true}
2026-04-24 23:37:12,552 INFO prediction_event type=shipment_prediction payload={"shipment_id": "86c105e3-0d3f-8043-71d4-a408349721b7", "tracking_number": "SC3929066", "risk_score": 0.98, "predicted_eta": "2026-02-10 14:47", "anomaly_detected": true}
2026-04-24 23:37:12,553 INFO prediction_event type=shipment_prediction payload={"shipment_id": "08d0c945-0c43-aa62-74c2-891ad61148c5", "tracking_number": "SC4600625", "risk_score": 0.98, "predicted_eta": "2026-04-13 14:13", "anomaly_detected": true}
2026-04-24 23:37:18,306 INFO request path=/api/weather/route-advisories method=GET status=200 duration_ms=20.21
2026-04-24 23:37:18,307 INFO request path=/api/weather method=GET status=200 duration_ms=6.11
2026-04-24 23:37:18,309 INFO request path=/api/shipments/stats method=GET status=200 duration_ms=23.73
2026-04-24 23:37:18,377 INFO request path=/api/shipments method=GET status=200 duration_ms=93.83
2026-04-24 23:37:18,378 INFO request path=/api/alerts method=GET status=200 duration_ms=92.85
2026-04-24 23:37:18,379 INFO request path=/api/analytics/kpis method=GET status=200 duration_ms=75.72
2026-04-24 23:37:18,421 INFO request path=/api/analytics/ai-insights method=GET status=200 duration_ms=27.14
2026-04-24 23:37:18,427 INFO request path=/api/analytics/carrier-performance method=GET status=200 duration_ms=44.71
2026-04-24 23:37:18,428 INFO request path=/api/routes/cities method=GET status=200 duration_ms=27.11
2026-04-24 23:37:18,428 INFO request path=/api/analytics/region-disruptions method=GET status=200 duration_ms=41.77
2026-04-24 23:37:18,430 INFO request path=/api/analytics/monthly-trends method=GET status=200 duration_ms=43.72
2026-04-24 23:37:28,303 INFO request path=/api/weather/route-advisories method=GET status=200 duration_ms=19.89
2026-04-24 23:37:28,303 INFO request path=/api/weather method=GET status=200 duration_ms=6.48
2026-04-24 23:37:28,305 INFO request path=/api/shipments/stats method=GET status=200 duration_ms=23.21
2026-04-24 23:37:28,378 INFO request path=/api/shipments method=GET status=200 duration_ms=97.40
2026-04-24 23:37:28,379 INFO request path=/api/alerts method=GET status=200 duration_ms=97.17
2026-04-24 23:37:28,381 INFO request path=/api/analytics/kpis method=GET status=200 duration_ms=82.17
2026-04-24 23:37:28,408 INFO request path=/api/routes/cities method=GET status=200 duration_ms=3.88
2026-04-24 23:37:28,408 INFO request path=/api/analytics/ai-insights method=GET status=200 duration_ms=3.40
2026-04-24 23:37:28,408 INFO request path=/api/analytics/region-disruptions method=GET status=200 duration_ms=19.74
2026-04-24 23:37:28,436 INFO request path=/api/analytics/carrier-performance method=GET status=200 duration_ms=52.20
2026-04-24 23:37:28,437 INFO request path=/api/analytics/monthly-trends method=GET status=200 duration_ms=50.16
2026-04-24 23:37:31,658 INFO prediction_event type=shipment_prediction payload={"shipment_id": "21998710-aa51-08ff-afc6-7ebf70835281", "tracking_number": "SC1969766", "risk_score": 0.8915, "predicted_eta": "2026-04-13 01:58", "anomaly_detected": true}
2026-04-24 23:37:39,506 INFO request path=/api/weather/route-advisories method=GET status=200 duration_ms=12.03
2026-04-24 23:37:39,507 INFO request path=/api/weather method=GET status=200 duration_ms=1.97
2026-04-24 23:37:39,507 INFO request path=/api/shipments/stats method=GET status=200 duration_ms=14.27
2026-04-24 23:37:39,670 INFO request path=/api/shipments method=GET status=200 duration_ms=177.78
2026-04-24 23:37:39,671 INFO request path=/api/alerts method=GET status=200 duration_ms=177.89
2026-04-24 23:37:39,685 INFO request path=/api/analytics/kpis method=GET status=200 duration_ms=179.20
2026-04-24 23:37:39,731 INFO request path=/api/analytics/carrier-performance method=GET status=200 duration_ms=53.15
2026-04-24 23:37:39,732 INFO request path=/api/analytics/ai-insights method=GET status=200 duration_ms=13.98
2026-04-24 23:37:39,732 INFO request path=/api/analytics/region-disruptions method=GET status=200 duration_ms=48.52
2026-04-24 23:37:39,733 INFO request path=/api/routes/cities method=GET status=200 duration_ms=14.66
2026-04-24 23:37:39,734 INFO request path=/api/analytics/monthly-trends method=GET status=200 duration_ms=50.44
2026-04-24 23:37:44,495 INFO prediction_event type=shipment_prediction payload={"shipment_id": "6ff80c76-1876-fe4b-f19a-d122ce0ba881", "tracking_number": "SC2175513", "risk_score": 0.98, "predicted_eta": "2026-04-14 08:40", "anomaly_detected": true}
2026-04-24 23:37:44,497 INFO prediction_event type=shipment_prediction payload={"shipment_id": "99f6b009-2f5b-cdb6-4925-f3cd43f585f3", "tracking_number": "SC2134129", "risk_score": 0.98, "predicted_eta": "2025-11-07 19:57", "anomaly_detected": true}
2026-04-24 23:37:44,498 INFO prediction_event type=shipment_prediction payload={"shipment_id": "f5a76411-2ebb-b125-41c8-76439a8c8963", "tracking_number": "SC4154773", "risk_score": 0.98, "predicted_eta": "2026-01-14 09:55", "anomaly_detected": true}
2026-04-24 23:37:44,499 INFO prediction_event type=shipment_prediction payload={"shipment_id": "f925fe10-fab4-241a-1258-1f519d6f0fe5", "tracking_number": "SC4742893", "risk_score": 0.98, "predicted_eta": "2026-04-27 07:10", "anomaly_detected": true}
2026-04-24 23:37:48,303 INFO request path=/api/weather/route-advisories method=GET status=200 duration_ms=20.73
2026-04-24 23:37:48,304 INFO request path=/api/weather method=GET status=200 duration_ms=5.35
2026-04-24 23:37:48,305 INFO request path=/api/shipments/stats method=GET status=200 duration_ms=23.76
2026-04-24 23:37:48,386 INFO request path=/api/shipments method=GET status=200 duration_ms=106.94
2026-04-24 23:37:48,387 INFO request path=/api/alerts method=GET status=200 duration_ms=106.14
2026-04-24 23:37:48,389 INFO request path=/api/analytics/kpis method=GET status=200 duration_ms=89.00
2026-04-24 23:37:48,413 INFO request path=/api/routes/cities method=GET status=200 duration_ms=4.03
2026-04-24 23:37:48,419 INFO request path=/api/analytics/ai-insights method=GET status=200 duration_ms=9.21
2026-04-24 23:37:48,434 INFO request path=/api/analytics/region-disruptions method=GET status=200 duration_ms=38.22
2026-04-24 23:37:48,441 INFO request path=/api/analytics/monthly-trends method=GET status=200 duration_ms=47.76
2026-04-24 23:37:48,442 INFO request path=/api/analytics/carrier-performance method=GET status=200 duration_ms=49.27
2026-04-24 23:37:57,178 INFO prediction_event type=shipment_prediction payload={"shipment_id": "ac2e118b-a253-9aa7-93d8-87f63e83e0e8", "tracking_number": "SC5819902", "risk_score": 0.98, "predicted_eta": "2026-04-19 16:36", "anomaly_detected": true}
2026-04-24 23:37:58,571 INFO request path=/api/weather/route-advisories method=GET status=200 duration_ms=13.43
2026-04-24 23:37:58,571 INFO request path=/api/weather method=GET status=200 duration_ms=1.76
2026-04-24 23:37:58,572 INFO request path=/api/shipments/stats method=GET status=200 duration_ms=15.32
2026-04-24 23:37:58,640 INFO request path=/api/shipments method=GET status=200 duration_ms=84.41
2026-04-24 23:37:58,641 INFO request path=/api/alerts method=GET status=200 duration_ms=83.77
2026-04-24 23:37:58,643 INFO request path=/api/analytics/kpis method=GET status=200 duration_ms=72.12
2026-04-24 23:37:58,694 INFO request path=/api/analytics/ai-insights method=GET status=200 duration_ms=11.53
2026-04-24 23:37:58,694 INFO request path=/api/analytics/carrier-performance method=GET status=200 duration_ms=47.77
2026-04-24 23:37:58,694 INFO request path=/api/analytics/region-disruptions method=GET status=200 duration_ms=44.67
2026-04-24 23:37:58,695 INFO request path=/api/routes/cities method=GET status=200 duration_ms=12.30
2026-04-24 23:37:58,696 INFO request path=/api/analytics/monthly-trends method=GET status=200 duration_ms=46.97
2026-04-24 23:38:03,562 INFO prediction_event type=shipment_prediction payload={"shipment_id": "4ada2426-6a07-c43e-c8af-3c84d783ce3b", "tracking_number": "SC8691719", "risk_score": 0.98, "predicted_eta": "2026-04-14 03:20", "anomaly_detected": true}
2026-04-24 23:38:08,303 INFO request path=/api/weather/route-advisories method=GET status=200 duration_ms=21.15
2026-04-24 23:38:08,304 INFO request path=/api/weather method=GET status=200 duration_ms=6.62
2026-04-24 23:38:08,305 INFO request path=/api/shipments/stats method=GET status=200 duration_ms=24.89
2026-04-24 23:38:08,377 INFO request path=/api/shipments method=GET status=200 duration_ms=97.44
2026-04-24 23:38:08,377 INFO request path=/api/alerts method=GET status=200 duration_ms=96.58
2026-04-24 23:38:08,380 INFO request path=/api/analytics/kpis method=GET status=200 duration_ms=79.88
2026-04-24 23:38:08,397 INFO request path=/api/analytics/ai-insights method=GET status=200 duration_ms=3.62
2026-04-24 23:38:08,399 INFO request path=/api/analytics/region-disruptions method=GET status=200 duration_ms=13.20
2026-04-24 23:38:08,399 INFO request path=/api/routes/cities method=GET status=200 duration_ms=4.41
2026-04-24 23:38:08,432 INFO request path=/api/analytics/carrier-performance method=GET status=200 duration_ms=51.06
2026-04-24 23:38:08,432 INFO request path=/api/analytics/monthly-trends method=GET status=200 duration_ms=49.24
2026-04-24 23:38:09,937 INFO prediction_event type=shipment_prediction payload={"shipment_id": "3f4b8eea-4245-d53f-940c-33ab5a9bbbd5", "tracking_number": "SC6285154", "risk_score": 0.9209, "predicted_eta": "2026-04-19 03:16", "anomaly_detected": true}
2026-04-24 23:38:16,078 INFO prediction_event type=shipment_prediction payload={"shipment_id": "39c5e3b4-08f3-3206-0438-70de9333de9f", "tracking_number": "SC9612812", "risk_score": 0.919, "predicted_eta": "2026-04-17 00:07", "anomaly_detected": true}
2026-04-24 23:38:17,936 INFO request path=/api/weather/route-advisories method=GET status=200 duration_ms=11.31
2026-04-24 23:38:17,937 INFO request path=/api/weather method=GET status=200 duration_ms=1.85
2026-04-24 23:38:17,937 INFO request path=/api/shipments/stats method=GET status=200 duration_ms=14.09
2026-04-24 23:38:18,006 INFO request path=/api/shipments method=GET status=200 duration_ms=86.14
2026-04-24 23:38:18,007 INFO request path=/api/alerts method=GET status=200 duration_ms=82.19
2026-04-24 23:38:18,009 INFO request path=/api/analytics/kpis method=GET status=200 duration_ms=72.84
2026-04-24 23:38:18,058 INFO request path=/api/analytics/ai-insights method=GET status=200 duration_ms=10.51
2026-04-24 23:38:18,058 INFO request path=/api/analytics/carrier-performance method=GET status=200 duration_ms=44.65
2026-04-24 23:38:18,058 INFO request path=/api/analytics/region-disruptions method=GET status=200 duration_ms=41.09
2026-04-24 23:38:18,059 INFO request path=/api/routes/cities method=GET status=200 duration_ms=10.60
2026-04-24 23:38:18,059 INFO request path=/api/analytics/monthly-trends method=GET status=200 duration_ms=42.39
2026-04-24 23:38:22,340 INFO prediction_event type=shipment_prediction payload={"shipment_id": "19f0e4a4-2128-58c1-07e5-fe25db9d020c", "tracking_number": "SC5907517", "risk_score": 0.98, "predicted_eta": "2025-12-07 02:48", "anomaly_detected": true}
2026-04-24 23:38:22,342 INFO prediction_event type=shipment_prediction payload={"shipment_id": "5af2883f-bfad-fa1c-6910-9f5a0d5b3335", "tracking_number": "SC7133330", "risk_score": 0.98, "predicted_eta": "2026-03-29 21:21", "anomaly_detected": true}
2026-04-24 23:38:22,344 INFO prediction_event type=shipment_prediction payload={"shipment_id": "eb6ecabb-0601-b97d-87ab-25a00d294626", "tracking_number": "SC2507240", "risk_score": 0.98, "predicted_eta": "2026-04-14 16:48", "anomaly_detected": true}
2026-04-24 23:38:28,312 INFO request path=/api/weather/route-advisories method=GET status=200 duration_ms=23.67
2026-04-24 23:38:28,313 INFO request path=/api/weather method=GET status=200 duration_ms=2.82
2026-04-24 23:38:28,313 INFO request path=/api/shipments/stats method=GET status=200 duration_ms=27.37
2026-04-24 23:38:28,391 INFO request path=/api/shipments method=GET status=200 duration_ms=107.14
2026-04-24 23:38:28,392 INFO request path=/api/alerts method=GET status=200 duration_ms=105.20
2026-04-24 23:38:28,393 INFO request path=/api/analytics/kpis method=GET status=200 duration_ms=81.65
2026-04-24 23:38:28,438 INFO request path=/api/analytics/carrier-performance method=GET status=200 duration_ms=42.60
2026-04-24 23:38:28,438 INFO request path=/api/analytics/monthly-trends method=GET status=200 duration_ms=42.36
2026-04-24 23:38:28,438 INFO request path=/api/analytics/ai-insights method=GET status=200 duration_ms=3.16
2026-04-24 23:38:28,438 INFO request path=/api/analytics/region-disruptions method=GET status=200 duration_ms=42.62
2026-04-24 23:38:28,439 INFO request path=/api/routes/cities method=GET status=200 duration_ms=3.65
2026-04-24 23:38:28,688 INFO prediction_event type=shipment_prediction payload={"shipment_id": "30134e4f-47a6-2b9b-e603-f4cef70faac3", "tracking_number": "SC2931685", "risk_score": 0.98, "predicted_eta": "2026-01-16 23:49", "anomaly_detected": true}
2026-04-24 23:38:34,856 INFO prediction_event type=shipment_prediction payload={"shipment_id": "d377e0a7-a631-5a16-2021-f76c69cd93d4", "tracking_number": "SC1030020", "risk_score": 0.98, "predicted_eta": "2026-04-14 07:25", "anomaly_detected": true}
2026-04-24 23:38:38,303 INFO request path=/api/weather/route-advisories method=GET status=200 duration_ms=16.39
2026-04-24 23:38:38,304 INFO request path=/api/weather method=GET status=200 duration_ms=1.56
2026-04-24 23:38:38,304 INFO request path=/api/shipments/stats method=GET status=200 duration_ms=19.02
2026-04-24 23:38:38,383 INFO request path=/api/shipments method=GET status=200 duration_ms=99.78
2026-04-24 23:38:38,384 INFO request path=/api/alerts method=GET status=200 duration_ms=97.90
2026-04-24 23:38:38,385 INFO request path=/api/analytics/kpis method=GET status=200 duration_ms=82.21
2026-04-24 23:38:38,427 INFO request path=/api/analytics/ai-insights method=GET status=200 duration_ms=18.23
2026-04-24 23:38:38,427 INFO request path=/api/analytics/region-disruptions method=GET status=200 duration_ms=39.43
2026-04-24 23:38:38,427 INFO request path=/api/routes/cities method=GET status=200 duration_ms=12.34
2026-04-24 23:38:38,428 INFO request path=/api/analytics/carrier-performance method=GET status=200 duration_ms=40.29
2026-04-24 23:38:38,428 INFO request path=/api/analytics/monthly-trends method=GET status=200 duration_ms=41.11
2026-04-24 23:38:41,068 INFO prediction_event type=shipment_prediction payload={"shipment_id": "a9a298f8-e3c6-d652-998c-a8d27afed8cb", "tracking_number": "SC7903070", "risk_score": 0.98, "predicted_eta": "2026-02-04 21:27", "anomaly_detected": true}
2026-04-24 23:38:41,073 INFO prediction_event type=shipment_prediction payload={"shipment_id": "a373bf2e-d1a2-f28c-3280-7b31babc14e1", "tracking_number": "SC2440575", "risk_score": 0.98, "predicted_eta": "2026-04-12 22:36", "anomaly_detected": true}
2026-04-24 23:38:48,487 INFO request path=/api/weather/route-advisories method=GET status=200 duration_ms=8.13
2026-04-24 23:38:48,488 INFO request path=/api/weather method=GET status=200 duration_ms=2.73
2026-04-24 23:38:48,488 INFO request path=/api/shipments/stats method=GET status=200 duration_ms=9.88
2026-04-24 23:38:48,544 INFO request path=/api/shipments method=GET status=200 duration_ms=65.89
2026-04-24 23:38:48,544 INFO request path=/api/alerts method=GET status=200 duration_ms=65.77
2026-04-24 23:38:48,546 INFO request path=/api/analytics/kpis method=GET status=200 duration_ms=60.75
2026-04-24 23:38:48,592 INFO request path=/api/analytics/ai-insights method=GET status=200 duration_ms=21.08
2026-04-24 23:38:48,592 INFO request path=/api/routes/cities method=GET status=200 duration_ms=20.43
2026-04-24 23:38:48,592 INFO request path=/api/analytics/region-disruptions method=GET status=200 duration_ms=40.43
2026-04-24 23:38:48,593 INFO request path=/api/analytics/carrier-performance method=GET status=200 duration_ms=44.29
2026-04-24 23:38:48,593 INFO request path=/api/analytics/monthly-trends method=GET status=200 duration_ms=42.84
2026-04-24 23:38:53,482 INFO prediction_event type=shipment_prediction payload={"shipment_id": "402c3bf2-6c8a-b52f-37c4-400b71787bdf", "tracking_number": "SC6000887", "risk_score": 0.9062, "predicted_eta": "2026-04-17 16:16", "anomaly_detected": true}
2026-04-24 23:38:53,484 INFO prediction_event type=shipment_prediction payload={"shipment_id": "f2955f41-d4c2-5c21-951b-8c4512007046", "tracking_number": "SC9981212", "risk_score": 0.8216, "predicted_eta": "2025-11-29 21:10", "anomaly_detected": false}
2026-04-24 23:38:58,309 INFO request path=/api/weather/route-advisories method=GET status=200 duration_ms=23.92
2026-04-24 23:38:58,310 INFO request path=/api/weather method=GET status=200 duration_ms=6.39
2026-04-24 23:38:58,311 INFO request path=/api/shipments/stats method=GET status=200 duration_ms=27.32
2026-04-24 23:38:58,379 INFO request path=/api/shipments method=GET status=200 duration_ms=96.51
2026-04-24 23:38:58,379 INFO request path=/api/alerts method=GET status=200 duration_ms=94.14
2026-04-24 23:38:58,380 INFO request path=/api/analytics/kpis method=GET status=200 duration_ms=74.67
2026-04-24 23:38:58,404 INFO request path=/api/analytics/ai-insights method=GET status=200 duration_ms=3.31
2026-04-24 23:38:58,448 INFO request path=/api/analytics/region-disruptions method=GET status=200 duration_ms=61.57
2026-04-24 23:38:58,449 INFO request path=/api/routes/cities method=GET status=200 duration_ms=46.29
2026-04-24 23:38:58,451 INFO request path=/api/analytics/carrier-performance method=GET status=200 duration_ms=67.19
2026-04-24 23:38:58,451 INFO request path=/api/analytics/monthly-trends method=GET status=200 duration_ms=67.05
2026-04-24 23:38:59,763 INFO prediction_event type=shipment_prediction payload={"shipment_id": "a345e9e0-0aef-0828-9948-a9064ea88c35", "tracking_number": "SC4630924", "risk_score": 0.98, "predicted_eta": "2026-04-18 22:13", "anomaly_detected": true}
2026-04-24 23:38:59,766 INFO prediction_event type=shipment_prediction payload={"shipment_id": "35527903-4ea6-4d26-cae9-6b1a86424c0c", "tracking_number": "SC1684740", "risk_score": 0.98, "predicted_eta": "2026-04-12 21:42", "anomaly_detected": true}
2026-04-24 23:38:59,767 INFO prediction_event type=shipment_prediction payload={"shipment_id": "502989ef-ac0c-c3a2-32d3-8dc7973e7683", "tracking_number": "SC8748280", "risk_score": 0.98, "predicted_eta": "2026-03-18 08:50", "anomaly_detected": true}
2026-04-24 23:39:06,033 INFO prediction_event type=shipment_prediction payload={"shipment_id": "e67c67e5-7052-03bf-4848-510868f4f438", "tracking_number": "SC4608168", "risk_score": 0.98, "predicted_eta": "2026-04-16 10:37", "anomaly_detected": true}
2026-04-24 23:39:08,304 INFO request path=/api/weather/route-advisories method=GET status=200 duration_ms=21.27
2026-04-24 23:39:08,305 INFO request path=/api/weather method=GET status=200 duration_ms=1.50
2026-04-24 23:39:08,305 INFO request path=/api/shipments/stats method=GET status=200 duration_ms=26.59
2026-04-24 23:39:08,365 INFO request path=/api/shipments method=GET status=200 duration_ms=87.36
2026-04-24 23:39:08,366 INFO request path=/api/alerts method=GET status=200 duration_ms=87.11
2026-04-24 23:39:08,374 INFO request path=/api/analytics/kpis method=GET status=200 duration_ms=69.85
2026-04-24 23:39:08,416 INFO request path=/api/analytics/region-disruptions method=GET status=200 duration_ms=41.87
2026-04-24 23:39:08,416 INFO request path=/api/analytics/ai-insights method=GET status=200 duration_ms=15.13
2026-04-24 23:39:08,417 INFO request path=/api/routes/cities method=GET status=200 duration_ms=14.83
2026-04-24 23:39:08,417 INFO request path=/api/analytics/carrier-performance method=GET status=200 duration_ms=44.94
2026-04-24 23:39:08,417 INFO request path=/api/analytics/monthly-trends method=GET status=200 duration_ms=43.88
2026-04-24 23:39:18,301 INFO request path=/api/weather/route-advisories method=GET status=200 duration_ms=19.93
2026-04-24 23:39:18,301 INFO request path=/api/weather method=GET status=200 duration_ms=4.55
2026-04-24 23:39:18,302 INFO request path=/api/shipments/stats method=GET status=200 duration_ms=22.70
2026-04-24 23:39:18,373 INFO request path=/api/shipments method=GET status=200 duration_ms=94.87
2026-04-24 23:39:18,374 INFO request path=/api/alerts method=GET status=200 duration_ms=94.12
2026-04-24 23:39:18,375 INFO request path=/api/analytics/kpis method=GET status=200 duration_ms=77.27
2026-04-24 23:39:18,441 INFO request path=/api/analytics/carrier-performance method=GET status=200 duration_ms=62.46
2026-04-24 23:39:18,442 INFO request path=/api/analytics/ai-insights method=GET status=200 duration_ms=10.71
2026-04-24 23:39:18,442 INFO request path=/api/routes/cities method=GET status=200 duration_ms=3.87
2026-04-24 23:39:18,442 INFO request path=/api/analytics/region-disruptions method=GET status=200 duration_ms=58.66
2026-04-24 23:39:18,442 INFO request path=/api/analytics/monthly-trends method=GET status=200 duration_ms=61.92
2026-04-24 23:39:18,685 INFO prediction_event type=shipment_prediction payload={"shipment_id": "16ef15c7-41c9-d863-f05e-73209e3f6463", "tracking_number": "SC8514626", "risk_score": 0.98, "predicted_eta": "2025-10-15 04:50", "anomaly_detected": true}
2026-04-24 23:39:18,688 INFO prediction_event type=shipment_prediction payload={"shipment_id": "dcf8df2b-171e-8050-b5f3-51346ec46b34", "tracking_number": "SC5227231", "risk_score": 0.98, "predicted_eta": "2026-04-13 03:03", "anomaly_detected": true}
2026-04-24 23:39:18,694 INFO prediction_event type=shipment_prediction payload={"shipment_id": "efc365e3-27e2-cd3d-9b35-97ba4f0a713a", "tracking_number": "SC2545294", "risk_score": 0.98, "predicted_eta": "2026-04-15 18:51", "anomaly_detected": true}
2026-04-24 23:39:25,050 INFO prediction_event type=shipment_prediction payload={"shipment_id": "c2a1537d-2739-b5b7-aace-78804c71b70c", "tracking_number": "SC3592770", "risk_score": 0.98, "predicted_eta": "2026-04-12 23:05", "anomaly_detected": true}
2026-04-24 23:39:25,052 INFO prediction_event type=shipment_prediction payload={"shipment_id": "ac2e118b-a253-9aa7-93d8-87f63e83e0e8", "tracking_number": "SC5819902", "risk_score": 0.98, "predicted_eta": "2026-04-19 16:36", "anomaly_detected": true}
2026-04-24 23:39:25,053 INFO prediction_event type=shipment_prediction payload={"shipment_id": "5af2883f-bfad-fa1c-6910-9f5a0d5b3335", "tracking_number": "SC7133330", "risk_score": 0.98, "predicted_eta": "2026-03-29 21:21", "anomaly_detected": true}
2026-04-24 23:39:25,054 INFO prediction_event type=shipment_prediction payload={"shipment_id": "efa4e6dd-118d-768c-b448-14687a8cb853", "tracking_number": "SC3433187", "risk_score": 0.98, "predicted_eta": "2026-04-16 17:04", "anomaly_detected": true}
2026-04-24 23:39:31,354 INFO prediction_event type=shipment_prediction payload={"shipment_id": "71a96fad-e604-a646-cc70-0f272b56915e", "tracking_number": "SC7490166", "risk_score": 0.98, "predicted_eta": "2026-02-26 15:58", "anomaly_detected": true}
2026-04-24 23:39:37,608 INFO prediction_event type=shipment_prediction payload={"shipment_id": "ed17a4e6-61f6-1749-e3b2-79b5a72db854", "tracking_number": "SC4383985", "risk_score": 0.927, "predicted_eta": "2026-04-12 23:58", "anomaly_detected": true}
2026-04-24 23:39:37,610 INFO prediction_event type=shipment_prediction payload={"shipment_id": "57ae5821-e7cf-06fc-9d91-368f1a7d3371", "tracking_number": "SC9707870", "risk_score": 0.98, "predicted_eta": "2026-02-06 12:45", "anomaly_detected": true}
2026-04-24 23:39:56,367 INFO prediction_event type=shipment_prediction payload={"shipment_id": "a9c11d29-7b46-c0ca-8bbe-4ef3fe84ae94", "tracking_number": "SC8810552", "risk_score": 0.98, "predicted_eta": "2026-01-28 09:36", "anomaly_detected": true}
2026-04-24 23:39:56,370 INFO prediction_event type=shipment_prediction payload={"shipment_id": "86c105e3-0d3f-8043-71d4-a408349721b7", "tracking_number": "SC3929066", "risk_score": 0.98, "predicted_eta": "2026-02-10 14:47", "anomaly_detected": true}
2026-04-24 23:40:08,942 INFO prediction_event type=shipment_prediction payload={"shipment_id": "62d4e621-1b6b-150d-cb11-979d8b7952c1", "tracking_number": "SC6112774", "risk_score": 0.98, "predicted_eta": "2026-04-16 18:25", "anomaly_detected": true}
2026-04-24 23:40:11,294 INFO request path=/api/weather/route-advisories method=GET status=200 duration_ms=10.10
2026-04-24 23:40:11,295 INFO request path=/api/weather method=GET status=200 duration_ms=3.98
2026-04-24 23:40:11,296 INFO request path=/api/shipments/stats method=GET status=200 duration_ms=12.23
2026-04-24 23:40:11,365 INFO request path=/api/shipments method=GET status=200 duration_ms=81.75
2026-04-24 23:40:11,366 INFO request path=/api/alerts method=GET status=200 duration_ms=82.64
2026-04-24 23:40:11,368 INFO request path=/api/analytics/kpis method=GET status=200 duration_ms=73.48
2026-04-24 23:40:11,394 INFO request path=/api/analytics/ai-insights method=GET status=200 duration_ms=3.15
2026-04-24 23:40:11,394 INFO request path=/api/analytics/region-disruptions method=GET status=200 duration_ms=18.88
2026-04-24 23:40:11,394 INFO request path=/api/routes/cities method=GET status=200 duration_ms=3.43
2026-04-24 23:40:11,420 INFO request path=/api/analytics/carrier-performance method=GET status=200 duration_ms=48.86
2026-04-24 23:40:11,420 INFO request path=/api/analytics/monthly-trends method=GET status=200 duration_ms=47.09
2026-04-24 23:40:21,497 INFO prediction_event type=shipment_prediction payload={"shipment_id": "239508b6-6840-2556-4d32-fca1b8d020a9", "tracking_number": "SC7475833", "risk_score": 0.9076, "predicted_eta": "2026-04-13 12:28", "anomaly_detected": true}
2026-04-24 23:40:27,758 INFO prediction_event type=shipment_prediction payload={"shipment_id": "a373bf2e-d1a2-f28c-3280-7b31babc14e1", "tracking_number": "SC2440575", "risk_score": 0.98, "predicted_eta": "2026-04-12 22:36", "anomaly_detected": true}
2026-04-24 23:40:27,760 INFO prediction_event type=shipment_prediction payload={"shipment_id": "f925fe10-fab4-241a-1258-1f519d6f0fe5", "tracking_number": "SC4742893", "risk_score": 0.98, "predicted_eta": "2026-04-27 07:10", "anomaly_detected": true}
2026-04-24 23:40:34,211 INFO prediction_event type=shipment_prediction payload={"shipment_id": "1631141a-96f9-f7ba-34d4-c4552d2cb71c", "tracking_number": "SC2402525", "risk_score": 0.98, "predicted_eta": "2026-04-15 00:20", "anomaly_detected": true}
2026-04-24 23:40:34,216 INFO prediction_event type=shipment_prediction payload={"shipment_id": "f6781446-f468-101c-3e8d-d00a18969228", "tracking_number": "SC5557881", "risk_score": 0.98, "predicted_eta": "2026-04-12 22:36", "anomaly_detected": true}
2026-04-24 23:40:40,450 INFO prediction_event type=shipment_prediction payload={"shipment_id": "94fa0d9e-31a7-aa15-85ec-5f0a08415c5a", "tracking_number": "SC8391611", "risk_score": 0.98, "predicted_eta": "2026-03-20 22:55", "anomaly_detected": true}
2026-04-24 23:40:40,453 INFO prediction_event type=shipment_prediction payload={"shipment_id": "5af2883f-bfad-fa1c-6910-9f5a0d5b3335", "tracking_number": "SC7133330", "risk_score": 0.98, "predicted_eta": "2026-03-29 21:21", "anomaly_detected": true}
2026-04-24 23:40:41,909 INFO request path=/api/weather/route-advisories method=GET status=200 duration_ms=9.00
2026-04-24 23:40:41,910 INFO request path=/api/weather method=GET status=200 duration_ms=1.51
2026-04-24 23:40:41,910 INFO request path=/api/shipments/stats method=GET status=200 duration_ms=10.66
2026-04-24 23:40:41,972 INFO request path=/api/shipments method=GET status=200 duration_ms=72.83
2026-04-24 23:40:41,973 INFO request path=/api/alerts method=GET status=200 duration_ms=72.66
2026-04-24 23:40:41,975 INFO request path=/api/analytics/kpis method=GET status=200 duration_ms=65.50
2026-04-24 23:40:42,021 INFO request path=/api/analytics/ai-insights method=GET status=200 duration_ms=3.23
2026-04-24 23:40:42,021 INFO request path=/api/analytics/carrier-performance method=GET status=200 duration_ms=43.10
2026-04-24 23:40:42,021 INFO request path=/api/analytics/monthly-trends method=GET status=200 duration_ms=41.74
2026-04-24 23:40:42,022 INFO request path=/api/analytics/region-disruptions method=GET status=200 duration_ms=41.77
2026-04-24 23:40:42,022 INFO request path=/api/routes/cities method=GET status=200 duration_ms=3.49
2026-04-24 23:40:46,904 INFO prediction_event type=shipment_prediction payload={"shipment_id": "99f6b009-2f5b-cdb6-4925-f3cd43f585f3", "tracking_number": "SC2134129", "risk_score": 0.98, "predicted_eta": "2025-11-07 19:57", "anomaly_detected": true}
2026-04-24 23:40:46,906 INFO prediction_event type=shipment_prediction payload={"shipment_id": "4fda2034-20c3-1ff0-fee2-c668cb0996a9", "tracking_number": "SC2412326", "risk_score": 0.98, "predicted_eta": "2026-03-19 16:13", "anomaly_detected": true}
2026-04-24 23:40:46,907 INFO prediction_event type=shipment_prediction payload={"shipment_id": "d69b4276-6799-1965-3ac2-15f7bc565578", "tracking_number": "SC7482139", "risk_score": 0.98, "predicted_eta": "2026-04-16 17:48", "anomaly_detected": true}
2026-04-24 23:40:46,908 INFO prediction_event type=shipment_prediction payload={"shipment_id": "06e58748-d3d5-4008-aee2-75451636159a", "tracking_number": "SC8717090", "risk_score": 0.9357, "predicted_eta": "2026-04-13 09:55", "anomaly_detected": true}
2026-04-24 23:40:48,287 INFO request path=/api/weather/route-advisories method=GET status=200 duration_ms=9.50
2026-04-24 23:40:48,288 INFO request path=/api/weather method=GET status=200 duration_ms=2.95
2026-04-24 23:40:48,289 INFO request path=/api/shipments/stats method=GET status=200 duration_ms=11.74
2026-04-24 23:40:48,365 INFO request path=/api/shipments method=GET status=200 duration_ms=88.32
2026-04-24 23:40:48,366 INFO request path=/api/alerts method=GET status=200 duration_ms=88.36
2026-04-24 23:40:48,368 INFO request path=/api/analytics/kpis method=GET status=200 duration_ms=81.93
2026-04-24 23:40:48,416 INFO request path=/api/routes/cities method=GET status=200 duration_ms=9.55
2026-04-24 23:40:48,416 INFO request path=/api/analytics/ai-insights method=GET status=200 duration_ms=3.22
2026-04-24 23:40:48,416 INFO request path=/api/analytics/carrier-performance method=GET status=200 duration_ms=46.37
2026-04-24 23:40:48,417 INFO request path=/api/analytics/monthly-trends method=GET status=200 duration_ms=43.48
2026-04-24 23:40:48,417 INFO request path=/api/analytics/region-disruptions method=GET status=200 duration_ms=42.60
2026-04-24 23:40:58,303 INFO request path=/api/weather/route-advisories method=GET status=200 duration_ms=17.31
2026-04-24 23:40:58,304 INFO request path=/api/weather method=GET status=200 duration_ms=5.45
2026-04-24 23:40:58,305 INFO request path=/api/shipments/stats method=GET status=200 duration_ms=20.93
2026-04-24 23:40:58,373 INFO request path=/api/shipments method=GET status=200 duration_ms=91.56
2026-04-24 23:40:58,377 INFO request path=/api/alerts method=GET status=200 duration_ms=92.59
2026-04-24 23:40:58,378 INFO request path=/api/analytics/kpis method=GET status=200 duration_ms=78.82
2026-04-24 23:40:58,431 INFO request path=/api/analytics/carrier-performance method=GET status=200 duration_ms=39.87
2026-04-24 23:40:58,431 INFO request path=/api/analytics/region-disruptions method=GET status=200 duration_ms=37.92
2026-04-24 23:40:58,431 INFO request path=/api/analytics/ai-insights method=GET status=200 duration_ms=18.16
2026-04-24 23:40:58,431 INFO request path=/api/analytics/monthly-trends method=GET status=200 duration_ms=39.46
2026-04-24 23:40:58,432 INFO request path=/api/routes/cities method=GET status=200 duration_ms=5.52
2026-04-24 23:40:59,798 INFO prediction_event type=shipment_prediction payload={"shipment_id": "14b0d0ff-60f8-f5a5-0632-a0a59612c715", "tracking_number": "SC5053588", "risk_score": 0.98, "predicted_eta": "2026-04-13 04:03", "anomaly_detected": true}
2026-04-24 23:41:06,111 INFO prediction_event type=shipment_prediction payload={"shipment_id": "86c105e3-0d3f-8043-71d4-a408349721b7", "tracking_number": "SC3929066", "risk_score": 0.98, "predicted_eta": "2026-02-10 14:47", "anomaly_detected": true}
2026-04-24 23:41:06,114 INFO prediction_event type=shipment_prediction payload={"shipment_id": "e17901a7-1f44-477b-3d06-ff59f0f574d7", "tracking_number": "SC7966637", "risk_score": 0.98, "predicted_eta": "2026-04-13 23:54", "anomaly_detected": true}
2026-04-24 23:41:08,299 INFO request path=/api/weather/route-advisories method=GET status=200 duration_ms=13.77
2026-04-24 23:41:08,299 INFO request path=/api/weather method=GET status=200 duration_ms=1.62
2026-04-24 23:41:08,300 INFO request path=/api/shipments/stats method=GET status=200 duration_ms=16.77
2026-04-24 23:41:08,367 INFO request path=/api/shipments method=GET status=200 duration_ms=85.93
2026-04-24 23:41:08,368 INFO request path=/api/alerts method=GET status=200 duration_ms=84.18
2026-04-24 23:41:08,370 INFO request path=/api/analytics/kpis method=GET status=200 duration_ms=71.30
2026-04-24 23:41:08,391 INFO request path=/api/analytics/region-disruptions method=GET status=200 duration_ms=18.00
2026-04-24 23:41:08,391 INFO request path=/api/analytics/ai-insights method=GET status=200 duration_ms=3.22
2026-04-24 23:41:08,391 INFO request path=/api/routes/cities method=GET status=200 duration_ms=3.26
2026-04-24 23:41:08,417 INFO request path=/api/analytics/carrier-performance method=GET status=200 duration_ms=44.77
2026-04-24 23:41:08,417 INFO request path=/api/analytics/monthly-trends method=GET status=200 duration_ms=44.08
2026-04-24 23:41:12,372 INFO prediction_event type=shipment_prediction payload={"shipment_id": "8a376f0d-3f78-e072-0528-6cad8fd7080e", "tracking_number": "SC2370588", "risk_score": 0.8695, "predicted_eta": "2026-04-13 06:43", "anomaly_detected": true}
2026-04-24 23:41:12,374 INFO prediction_event type=shipment_prediction payload={"shipment_id": "c4b561a0-2330-b35e-016e-c2f6f2de65aa", "tracking_number": "SC8040001", "risk_score": 0.98, "predicted_eta": "2026-03-27 08:07", "anomaly_detected": true}
2026-04-24 23:41:12,377 INFO prediction_event type=shipment_prediction payload={"shipment_id": "f3fc98c6-4a16-e763-972a-2202eede7d9a", "tracking_number": "SC6872120", "risk_score": 0.98, "predicted_eta": "2026-04-12 05:42", "anomaly_detected": true}
2026-04-24 23:41:18,308 INFO request path=/api/weather/route-advisories method=GET status=200 duration_ms=22.13
2026-04-24 23:41:18,313 INFO request path=/api/weather method=GET status=200 duration_ms=6.11
2026-04-24 23:41:18,314 INFO request path=/api/shipments/stats method=GET status=200 duration_ms=30.02
2026-04-24 23:41:18,385 INFO request path=/api/alerts method=GET status=200 duration_ms=100.45
2026-04-24 23:41:18,386 INFO request path=/api/shipments method=GET status=200 duration_ms=103.56
2026-04-24 23:41:18,387 INFO request path=/api/analytics/kpis method=GET status=200 duration_ms=78.55
2026-04-24 23:41:18,428 INFO request path=/api/analytics/region-disruptions method=GET status=200 duration_ms=38.46
2026-04-24 23:41:18,428 INFO request path=/api/analytics/monthly-trends method=GET status=200 duration_ms=39.35
2026-04-24 23:41:18,429 INFO request path=/api/analytics/ai-insights method=GET status=200 duration_ms=3.65
2026-04-24 23:41:18,429 INFO request path=/api/analytics/carrier-performance method=GET status=200 duration_ms=39.91
2026-04-24 23:41:18,430 INFO request path=/api/routes/cities method=GET status=200 duration_ms=2.23
2026-04-24 23:41:18,637 INFO prediction_event type=shipment_prediction payload={"shipment_id": "af11062c-ff8e-0832-4307-acab29c4ddfc", "tracking_number": "SC1267889", "risk_score": 0.98, "predicted_eta": "2026-04-14 01:17", "anomaly_detected": true}
2026-04-24 23:41:18,638 INFO prediction_event type=shipment_prediction payload={"shipment_id": "4d0f1a3b-3b21-e922-53a8-9bb83ebff8ac", "tracking_number": "SC1360913", "risk_score": 0.98, "predicted_eta": "2026-04-29 21:38", "anomaly_detected": true}
2026-04-24 23:41:24,954 INFO prediction_event type=shipment_prediction payload={"shipment_id": "60784a67-274c-1666-9d1b-b7d4d6ea8604", "tracking_number": "SC7545004", "risk_score": 0.98, "predicted_eta": "2026-04-15 18:11", "anomaly_detected": true}
2026-04-24 23:41:24,956 INFO prediction_event type=shipment_prediction payload={"shipment_id": "276c1b83-6800-8655-a7f9-07710bea5fd5", "tracking_number": "SC7961366", "risk_score": 0.98, "predicted_eta": "2026-04-16 14:26", "anomaly_detected": true}
2026-04-24 23:41:28,288 INFO request path=/api/weather/route-advisories method=GET status=200 duration_ms=8.64
2026-04-24 23:41:28,288 INFO request path=/api/weather method=GET status=200 duration_ms=8.99
2026-04-24 23:41:28,288 INFO request path=/api/shipments/stats method=GET status=200 duration_ms=10.16
2026-04-24 23:41:28,354 INFO request path=/api/shipments method=GET status=200 duration_ms=76.64
2026-04-24 23:41:28,355 INFO request path=/api/alerts method=GET status=200 duration_ms=76.82
2026-04-24 23:41:28,356 INFO request path=/api/analytics/kpis method=GET status=200 duration_ms=68.40
2026-04-24 23:41:28,369 INFO request path=/api/analytics/region-disruptions method=GET status=200 duration_ms=9.93
2026-04-24 23:41:28,382 INFO request path=/api/routes/cities method=GET status=200 duration_ms=14.92
2026-04-24 23:41:28,398 INFO request path=/api/analytics/ai-insights method=GET status=200 duration_ms=30.52
2026-04-24 23:41:28,401 INFO request path=/api/analytics/carrier-performance method=GET status=200 duration_ms=42.37
2026-04-24 23:41:28,401 INFO request path=/api/analytics/monthly-trends method=GET status=200 duration_ms=42.45
2026-04-24 23:41:38,695 INFO request path=/api/weather/route-advisories method=GET status=200 duration_ms=8.05
2026-04-24 23:41:38,695 INFO request path=/api/weather method=GET status=200 duration_ms=2.57
2026-04-24 23:41:38,696 INFO request path=/api/shipments/stats method=GET status=200 duration_ms=9.65
2026-04-24 23:41:38,753 INFO request path=/api/shipments method=GET status=200 duration_ms=67.09
2026-04-24 23:41:38,754 INFO request path=/api/alerts method=GET status=200 duration_ms=67.02
2026-04-24 23:41:38,755 INFO request path=/api/analytics/kpis method=GET status=200 duration_ms=61.15
2026-04-24 23:41:38,796 INFO request path=/api/analytics/carrier-performance method=GET status=200 duration_ms=38.49
2026-04-24 23:41:38,796 INFO request path=/api/analytics/ai-insights method=GET status=200 duration_ms=11.49
2026-04-24 23:41:38,796 INFO request path=/api/analytics/region-disruptions method=GET status=200 duration_ms=38.38
2026-04-24 23:41:38,797 INFO request path=/api/routes/cities method=GET status=200 duration_ms=11.81
2026-04-24 23:41:38,797 INFO request path=/api/analytics/monthly-trends method=GET status=200 duration_ms=40.03
2026-04-24 23:41:49,925 INFO prediction_event type=shipment_prediction payload={"shipment_id": "f925fe10-fab4-241a-1258-1f519d6f0fe5", "tracking_number": "SC4742893", "risk_score": 0.98, "predicted_eta": "2026-04-27 07:10", "anomaly_detected": true}
2026-04-24 23:41:56,188 INFO prediction_event type=shipment_prediction payload={"shipment_id": "597b5a97-bab9-e793-1157-172bbf2a638d", "tracking_number": "SC1806627", "risk_score": 0.9276, "predicted_eta": "2026-04-13 01:02", "anomaly_detected": true}
2026-04-24 23:41:56,196 INFO prediction_event type=shipment_prediction payload={"shipment_id": "ec947b5d-e712-64b7-d820-8b39e8adf20c", "tracking_number": "SC3742195", "risk_score": 0.98, "predicted_eta": "2026-04-13 09:43", "anomaly_detected": true}
2026-04-24 23:42:02,405 INFO prediction_event type=shipment_prediction payload={"shipment_id": "3f4b8eea-4245-d53f-940c-33ab5a9bbbd5", "tracking_number": "SC6285154", "risk_score": 0.9238, "predicted_eta": "2026-04-19 03:16", "anomaly_detected": true}
2026-04-24 23:42:02,406 INFO prediction_event type=shipment_prediction payload={"shipment_id": "4f9e9576-513e-4a1a-f250-32dd415bfa74", "tracking_number": "SC8449980", "risk_score": 0.98, "predicted_eta": "2026-04-18 02:26", "anomaly_detected": true}
2026-04-24 23:42:02,407 INFO prediction_event type=shipment_prediction payload={"shipment_id": "032725e0-de05-2f27-0d55-d26093580562", "tracking_number": "SC1103026", "risk_score": 0.98, "predicted_eta": "2026-04-14 18:00", "anomaly_detected": true}
2026-04-24 23:42:08,746 INFO prediction_event type=shipment_prediction payload={"shipment_id": "110515a4-8aec-8ed9-d201-3cd95c6d0e1b", "tracking_number": "SC8721203", "risk_score": 0.9365, "predicted_eta": "2026-03-30 15:12", "anomaly_detected": true}
2026-04-24 23:42:08,748 INFO prediction_event type=shipment_prediction payload={"shipment_id": "8697c97e-ac6f-47eb-03af-3328cdce56f5", "tracking_number": "SC7787015", "risk_score": 0.7718, "predicted_eta": "2026-04-13 12:58", "anomaly_detected": false}
2026-04-24 23:42:11,309 INFO request path=/api/weather/route-advisories method=GET status=200 duration_ms=25.41
2026-04-24 23:42:11,313 INFO request path=/api/weather method=GET status=200 duration_ms=6.20
2026-04-24 23:42:11,313 INFO request path=/api/shipments/stats method=GET status=200 duration_ms=30.50
2026-04-24 23:42:11,386 INFO request path=/api/shipments method=GET status=200 duration_ms=103.59
2026-04-24 23:42:11,387 INFO request path=/api/alerts method=GET status=200 duration_ms=103.87
2026-04-24 23:42:11,388 INFO request path=/api/analytics/kpis method=GET status=200 duration_ms=79.76
2026-04-24 23:42:11,408 INFO request path=/api/analytics/region-disruptions method=GET status=200 duration_ms=16.22
2026-04-24 23:42:11,408 INFO request path=/api/analytics/ai-insights method=GET status=200 duration_ms=5.37
2026-04-24 23:42:11,409 INFO request path=/api/routes/cities method=GET status=200 duration_ms=5.71
2026-04-24 23:42:11,445 INFO request path=/api/analytics/carrier-performance method=GET status=200 duration_ms=55.65
2026-04-24 23:42:11,445 INFO request path=/api/analytics/monthly-trends method=GET status=200 duration_ms=54.35
2026-04-24 23:42:15,053 INFO prediction_event type=shipment_prediction payload={"shipment_id": "f6781446-f468-101c-3e8d-d00a18969228", "tracking_number": "SC5557881", "risk_score": 0.98, "predicted_eta": "2026-04-12 22:36", "anomaly_detected": true}
2026-04-24 23:42:33,864 INFO prediction_event type=shipment_prediction payload={"shipment_id": "717a2f1e-ae1d-364e-e6e9-9246ff662c01", "tracking_number": "SC8692594", "risk_score": 0.9744, "predicted_eta": "2026-04-22 08:39", "anomaly_detected": true}
2026-04-24 23:42:38,066 INFO request path=/api/weather/route-advisories method=GET status=200 duration_ms=22.05
2026-04-24 23:42:38,067 INFO request path=/api/weather method=GET status=200 duration_ms=3.54
2026-04-24 23:42:38,068 INFO request path=/api/shipments/stats method=GET status=200 duration_ms=25.40
2026-04-24 23:42:38,153 INFO request path=/api/shipments method=GET status=200 duration_ms=112.84
2026-04-24 23:42:38,154 INFO request path=/api/alerts method=GET status=200 duration_ms=110.76
2026-04-24 23:42:38,157 INFO request path=/api/analytics/kpis method=GET status=200 duration_ms=91.20
2026-04-24 23:42:38,188 INFO request path=/api/analytics/ai-insights method=GET status=200 duration_ms=3.94
2026-04-24 23:42:38,194 INFO request path=/api/analytics/region-disruptions method=GET status=200 duration_ms=27.82
2026-04-24 23:42:38,209 INFO request path=/api/routes/cities method=GET status=200 duration_ms=24.30
2026-04-24 23:42:38,212 INFO request path=/api/analytics/monthly-trends method=GET status=200 duration_ms=45.86
2026-04-24 23:42:38,212 INFO request path=/api/analytics/carrier-performance method=GET status=200 duration_ms=49.35
2026-04-24 23:42:46,413 INFO prediction_event type=shipment_prediction payload={"shipment_id": "133077a0-a78e-af34-8517-a43a67df6a4a", "tracking_number": "SC4430143", "risk_score": 0.968, "predicted_eta": "2026-01-07 18:37", "anomaly_detected": true}
2026-04-24 23:42:46,414 INFO prediction_event type=shipment_prediction payload={"shipment_id": "18dd36e3-4953-bd9c-0dcd-44fca80fb04d", "tracking_number": "SC9924829", "risk_score": 0.98, "predicted_eta": "2026-04-14 08:11", "anomaly_detected": true}
2026-04-24 23:42:46,414 INFO prediction_event type=shipment_prediction payload={"shipment_id": "a96f0553-6777-66ca-88b6-3adc7f6503f0", "tracking_number": "SC5840254", "risk_score": 0.98, "predicted_eta": "2026-03-07 21:51", "anomaly_detected": true}
2026-04-24 23:42:48,287 INFO request path=/api/weather/route-advisories method=GET status=200 duration_ms=8.60
2026-04-24 23:42:48,288 INFO request path=/api/weather method=GET status=200 duration_ms=1.41
2026-04-24 23:42:48,288 INFO request path=/api/shipments/stats method=GET status=200 duration_ms=10.37
2026-04-24 23:42:48,342 INFO request path=/api/shipments method=GET status=200 duration_ms=64.36
2026-04-24 23:42:48,342 INFO request path=/api/alerts method=GET status=200 duration_ms=64.08
2026-04-24 23:42:48,344 INFO request path=/api/analytics/kpis method=GET status=200 duration_ms=56.57
2026-04-24 23:42:48,384 INFO request path=/api/analytics/region-disruptions method=GET status=200 duration_ms=38.41
2026-04-24 23:42:48,385 INFO request path=/api/analytics/monthly-trends method=GET status=200 duration_ms=38.79
2026-04-24 23:42:48,385 INFO request path=/api/analytics/carrier-performance method=GET status=200 duration_ms=39.69
2026-04-24 23:42:48,385 INFO request path=/api/analytics/ai-insights method=GET status=200 duration_ms=3.53
2026-04-24 23:42:48,385 INFO request path=/api/routes/cities method=GET status=200 duration_ms=3.57
2026-04-24 23:42:58,308 INFO request path=/api/weather/route-advisories method=GET status=200 duration_ms=22.94
2026-04-24 23:42:58,310 INFO request path=/api/weather method=GET status=200 duration_ms=3.30
2026-04-24 23:42:58,310 INFO request path=/api/shipments/stats method=GET status=200 duration_ms=27.79
2026-04-24 23:42:58,377 INFO request path=/api/alerts method=GET status=200 duration_ms=92.67
2026-04-24 23:42:58,377 INFO request path=/api/shipments method=GET status=200 duration_ms=94.97
2026-04-24 23:42:58,378 INFO request path=/api/analytics/kpis method=GET status=200 duration_ms=70.15
2026-04-24 23:42:58,392 INFO request path=/api/analytics/region-disruptions method=GET status=200 duration_ms=10.85
2026-04-24 23:42:58,393 INFO request path=/api/analytics/ai-insights method=GET status=200 duration_ms=2.92
2026-04-24 23:42:58,393 INFO request path=/api/routes/cities method=GET status=200 duration_ms=3.22
2026-04-24 23:42:58,425 INFO request path=/api/analytics/carrier-performance method=GET status=200 duration_ms=44.76
2026-04-24 23:42:58,426 INFO request path=/api/analytics/monthly-trends method=GET status=200 duration_ms=45.13
2026-04-24 23:43:05,173 INFO prediction_event type=shipment_prediction payload={"shipment_id": "2a998fc2-fca9-c014-5cfa-209bbe5a4b65", "tracking_number": "SC1419315", "risk_score": 0.98, "predicted_eta": "2026-04-12 03:34", "anomaly_detected": true}
2026-04-24 23:43:05,174 INFO prediction_event type=shipment_prediction payload={"shipment_id": "f2154072-da52-0c98-7d9f-75a159402358", "tracking_number": "SC9725427", "risk_score": 0.98, "predicted_eta": "2025-12-29 13:54", "anomaly_detected": true}
2026-04-24 23:43:08,310 INFO request path=/api/weather/route-advisories method=GET status=200 duration_ms=22.80
2026-04-24 23:43:08,311 INFO request path=/api/weather method=GET status=200 duration_ms=5.80
2026-04-24 23:43:08,312 INFO request path=/api/shipments/stats method=GET status=200 duration_ms=25.97
2026-04-24 23:43:08,379 INFO request path=/api/shipments method=GET status=200 duration_ms=95.02
2026-04-24 23:43:08,380 INFO request path=/api/alerts method=GET status=200 duration_ms=94.11
2026-04-24 23:43:08,381 INFO request path=/api/analytics/kpis method=GET status=200 duration_ms=74.16
2026-04-24 23:43:08,422 INFO request path=/api/analytics/region-disruptions method=GET status=200 duration_ms=37.81
2026-04-24 23:43:08,422 INFO request path=/api/analytics/monthly-trends method=GET status=200 duration_ms=38.07
2026-04-24 23:43:08,423 INFO request path=/api/analytics/carrier-performance method=GET status=200 duration_ms=38.78
2026-04-24 23:43:08,423 INFO request path=/api/analytics/ai-insights method=GET status=200 duration_ms=4.31
2026-04-24 23:43:08,424 INFO request path=/api/routes/cities method=GET status=200 duration_ms=4.74
2026-04-24 23:43:17,798 INFO prediction_event type=shipment_prediction payload={"shipment_id": "4d0f1a3b-3b21-e922-53a8-9bb83ebff8ac", "tracking_number": "SC1360913", "risk_score": 0.98, "predicted_eta": "2026-04-29 21:38", "anomaly_detected": true}
2026-04-24 23:43:19,073 INFO request path=/api/weather/route-advisories method=GET status=200 duration_ms=8.90
2026-04-24 23:43:19,074 INFO request path=/api/weather method=GET status=200 duration_ms=1.31
2026-04-24 23:43:19,074 INFO request path=/api/shipments/stats method=GET status=200 duration_ms=10.21
2026-04-24 23:43:19,129 INFO request path=/api/shipments method=GET status=200 duration_ms=65.41
2026-04-24 23:43:19,129 INFO request path=/api/alerts method=GET status=200 duration_ms=65.28
2026-04-24 23:43:19,131 INFO request path=/api/analytics/kpis method=GET status=200 duration_ms=57.83
2026-04-24 23:43:19,169 INFO request path=/api/analytics/region-disruptions method=GET status=200 duration_ms=35.18
2026-04-24 23:43:19,169 INFO request path=/api/analytics/ai-insights method=GET status=200 duration_ms=3.54
2026-04-24 23:43:19,169 INFO request path=/api/routes/cities method=GET status=200 duration_ms=3.64
2026-04-24 23:43:19,189 INFO request path=/api/analytics/carrier-performance method=GET status=200 duration_ms=56.91
2026-04-24 23:43:19,190 INFO request path=/api/analytics/monthly-trends method=GET status=200 duration_ms=56.39
2026-04-24 23:43:24,067 INFO prediction_event type=shipment_prediction payload={"shipment_id": "631509a1-6601-9bdd-d4e4-08eb4aa6567d", "tracking_number": "SC4874625", "risk_score": 0.9296, "predicted_eta": "2026-04-20 02:47", "anomaly_detected": true}
2026-04-24 23:43:28,305 INFO request path=/api/weather/route-advisories method=GET status=200 duration_ms=22.18
2026-04-24 23:43:28,306 INFO request path=/api/weather method=GET status=200 duration_ms=6.37
2026-04-24 23:43:28,306 INFO request path=/api/shipments/stats method=GET status=200 duration_ms=25.74
2026-04-24 23:43:28,376 INFO request path=/api/shipments method=GET status=200 duration_ms=97.26
2026-04-24 23:43:28,377 INFO request path=/api/alerts method=GET status=200 duration_ms=96.27
2026-04-24 23:43:28,378 INFO request path=/api/analytics/kpis method=GET status=200 duration_ms=77.06
2026-04-24 23:43:28,427 INFO request path=/api/routes/cities method=GET status=200 duration_ms=15.53
2026-04-24 23:43:28,427 INFO request path=/api/analytics/carrier-performance method=GET status=200 duration_ms=47.18
2026-04-24 23:43:28,428 INFO request path=/api/analytics/ai-insights method=GET status=200 duration_ms=3.28
2026-04-24 23:43:28,428 INFO request path=/api/analytics/region-disruptions method=GET status=200 duration_ms=45.82
2026-04-24 23:43:28,428 INFO request path=/api/analytics/monthly-trends method=GET status=200 duration_ms=47.71
2026-04-24 23:43:30,423 INFO prediction_event type=shipment_prediction payload={"shipment_id": "60784a67-274c-1666-9d1b-b7d4d6ea8604", "tracking_number": "SC7545004", "risk_score": 0.98, "predicted_eta": "2026-04-15 18:11", "anomaly_detected": true}
2026-04-24 23:43:36,803 INFO prediction_event type=shipment_prediction payload={"shipment_id": "ac2e118b-a253-9aa7-93d8-87f63e83e0e8", "tracking_number": "SC5819902", "risk_score": 0.98, "predicted_eta": "2026-04-19 16:37", "anomaly_detected": true}
2026-04-24 23:43:38,309 INFO request path=/api/weather/route-advisories method=GET status=200 duration_ms=11.16
2026-04-24 23:43:38,309 INFO request path=/api/weather method=GET status=200 duration_ms=3.86
2026-04-24 23:43:38,310 INFO request path=/api/shipments/stats method=GET status=200 duration_ms=12.81
2026-04-24 23:43:38,372 INFO request path=/api/shipments method=GET status=200 duration_ms=76.50
2026-04-24 23:43:38,373 INFO request path=/api/alerts method=GET status=200 duration_ms=76.03
2026-04-24 23:43:38,375 INFO request path=/api/analytics/kpis method=GET status=200 duration_ms=68.66
2026-04-24 23:43:38,402 INFO request path=/api/routes/cities method=GET status=200 duration_ms=4.74
2026-04-24 23:43:38,403 INFO request path=/api/analytics/ai-insights method=GET status=200 duration_ms=4.17
2026-04-24 23:43:38,403 INFO request path=/api/analytics/region-disruptions method=GET status=200 duration_ms=21.24
2026-04-24 23:43:38,428 INFO request path=/api/analytics/carrier-performance method=GET status=200 duration_ms=51.39
2026-04-24 23:43:38,429 INFO request path=/api/analytics/monthly-trends method=GET status=200 duration_ms=49.77
2026-04-24 23:43:43,152 INFO prediction_event type=shipment_prediction payload={"shipment_id": "c2ea25b4-efa8-dcf6-4d9f-861e86eb5947", "tracking_number": "SC9669979", "risk_score": 0.98, "predicted_eta": "2026-04-13 13:39", "anomaly_detected": true}
2026-04-24 23:43:43,153 INFO prediction_event type=shipment_prediction payload={"shipment_id": "7b83d18c-4a40-764e-bdc4-4186fc9f9846", "tracking_number": "SC5744934", "risk_score": 0.98, "predicted_eta": "2026-04-13 04:54", "anomaly_detected": true}
2026-04-24 23:43:43,155 INFO prediction_event type=shipment_prediction payload={"shipment_id": "5def921d-8978-4bb8-a93b-63b45fe5d951", "tracking_number": "SC6031012", "risk_score": 0.98, "predicted_eta": "2026-04-13 10:46", "anomaly_detected": true}
2026-04-24 23:43:43,158 INFO prediction_event type=shipment_prediction payload={"shipment_id": "276c1b83-6800-8655-a7f9-07710bea5fd5", "tracking_number": "SC7961366", "risk_score": 0.98, "predicted_eta": "2026-04-16 14:26", "anomaly_detected": true}
2026-04-24 23:43:49,459 INFO prediction_event type=shipment_prediction payload={"shipment_id": "1e8718ab-d6a5-47f4-6832-38b9986d6806", "tracking_number": "SC8735710", "risk_score": 0.98, "predicted_eta": "2026-04-13 21:27", "anomaly_detected": true}
2026-04-24 23:43:49,462 INFO prediction_event type=shipment_prediction payload={"shipment_id": "f3cbc297-ec1d-2643-f142-77384554a815", "tracking_number": "SC7640239", "risk_score": 0.98, "predicted_eta": "2026-04-14 05:38", "anomaly_detected": true}
2026-04-24 23:43:55,777 INFO prediction_event type=shipment_prediction payload={"shipment_id": "2e1fc467-24da-ee9a-9778-1771d7a65a04", "tracking_number": "SC9500598", "risk_score": 0.98, "predicted_eta": "2026-04-16 22:46", "anomaly_detected": true}
2026-04-24 23:43:55,780 INFO prediction_event type=shipment_prediction payload={"shipment_id": "7651e208-42f9-84d2-f817-2c6ea152c94c", "tracking_number": "SC6940506", "risk_score": 0.98, "predicted_eta": "2025-12-12 19:29", "anomaly_detected": true}
2026-04-24 23:44:02,059 INFO prediction_event type=shipment_prediction payload={"shipment_id": "d22f6ccd-50dd-293f-3b72-dc9c92055f17", "tracking_number": "SC9886933", "risk_score": 0.98, "predicted_eta": "2026-04-14 05:19", "anomaly_detected": true}
2026-04-24 23:44:02,061 INFO prediction_event type=shipment_prediction payload={"shipment_id": "56fae189-280c-1c9a-150a-2e60b5fa7d0c", "tracking_number": "SC3373421", "risk_score": 0.98, "predicted_eta": "2026-01-19 02:42", "anomaly_detected": true}
2026-04-24 23:44:08,460 INFO prediction_event type=shipment_prediction payload={"shipment_id": "29270899-3a53-3e16-18bb-0076d0fcfe5b", "tracking_number": "SC7234191", "risk_score": 0.98, "predicted_eta": "2026-03-13 21:13", "anomaly_detected": true}
2026-04-24 23:44:08,461 INFO prediction_event type=shipment_prediction payload={"shipment_id": "2f4a805e-ef26-ddf4-24f6-14159b802cda", "tracking_number": "SC8383812", "risk_score": 0.8527, "predicted_eta": "2026-04-17 18:57", "anomaly_detected": true}
2026-04-24 23:44:11,301 INFO request path=/api/weather/route-advisories method=GET status=200 duration_ms=18.51
2026-04-24 23:44:11,302 INFO request path=/api/weather method=GET status=200 duration_ms=5.41
2026-04-24 23:44:11,302 INFO request path=/api/shipments/stats method=GET status=200 duration_ms=21.29
2026-04-24 23:44:11,375 INFO request path=/api/shipments method=GET status=200 duration_ms=95.58
2026-04-24 23:44:11,376 INFO request path=/api/alerts method=GET status=200 duration_ms=94.76
2026-04-24 23:44:11,378 INFO request path=/api/analytics/kpis method=GET status=200 duration_ms=77.20
2026-04-24 23:44:11,427 INFO request path=/api/analytics/ai-insights method=GET status=200 duration_ms=13.88
2026-04-24 23:44:11,428 INFO request path=/api/analytics/carrier-performance method=GET status=200 duration_ms=47.92
2026-04-24 23:44:11,428 INFO request path=/api/analytics/monthly-trends method=GET status=200 duration_ms=44.54
2026-04-24 23:44:11,428 INFO request path=/api/analytics/region-disruptions method=GET status=200 duration_ms=43.11
2026-04-24 23:44:11,428 INFO request path=/api/routes/cities method=GET status=200 duration_ms=3.58
2026-04-24 23:44:14,824 INFO prediction_event type=shipment_prediction payload={"shipment_id": "4281f290-6b8a-005e-ade7-ebd25abe712e", "tracking_number": "SC6844805", "risk_score": 0.98, "predicted_eta": "2026-04-13 11:21", "anomaly_detected": true}
2026-04-24 23:44:14,827 INFO prediction_event type=shipment_prediction payload={"shipment_id": "4d5b8284-3ef1-3234-6ad4-91bcd408c6fc", "tracking_number": "SC1753031", "risk_score": 0.98, "predicted_eta": "2026-04-18 18:53", "anomaly_detected": true}
2026-04-24 23:44:14,828 INFO prediction_event type=shipment_prediction payload={"shipment_id": "5dfe35e2-412d-a1d9-dc1f-1f19829e9073", "tracking_number": "SC7794065", "risk_score": 0.98, "predicted_eta": "2025-12-22 01:25", "anomaly_detected": true}
2026-04-24 23:44:21,103 INFO prediction_event type=shipment_prediction payload={"shipment_id": "f91c8a3e-444d-afef-30e1-d790492f7da8", "tracking_number": "SC6642481", "risk_score": 0.98, "predicted_eta": "2026-04-16 09:41", "anomaly_detected": true}
2026-04-24 23:44:27,336 INFO prediction_event type=shipment_prediction payload={"shipment_id": "3d8f8a80-416f-d034-2a66-82f92defabbb", "tracking_number": "SC8312197", "risk_score": 0.98, "predicted_eta": "2026-04-13 08:09", "anomaly_detected": true}
2026-04-24 23:44:27,338 INFO prediction_event type=shipment_prediction payload={"shipment_id": "f6781446-f468-101c-3e8d-d00a18969228", "tracking_number": "SC5557881", "risk_score": 0.98, "predicted_eta": "2026-04-12 22:36", "anomaly_detected": true}
2026-04-24 23:44:33,519 INFO prediction_event type=shipment_prediction payload={"shipment_id": "a345e9e0-0aef-0828-9948-a9064ea88c35", "tracking_number": "SC4630924", "risk_score": 0.98, "predicted_eta": "2026-04-18 22:13", "anomaly_detected": true}
2026-04-24 23:44:39,822 INFO prediction_event type=shipment_prediction payload={"shipment_id": "cf795608-6aca-22e1-e193-ae1bf97edff8", "tracking_number": "SC1780946", "risk_score": 0.98, "predicted_eta": "2026-04-18 08:50", "anomaly_detected": true}
2026-04-24 23:44:39,824 INFO prediction_event type=shipment_prediction payload={"shipment_id": "deab2d1b-e9c3-f6d1-bbda-254d13eafbde", "tracking_number": "SC5728562", "risk_score": 0.9669, "predicted_eta": "2026-04-28 16:22", "anomaly_detected": true}
2026-04-24 23:44:46,203 INFO prediction_event type=shipment_prediction payload={"shipment_id": "f91c8a3e-444d-afef-30e1-d790492f7da8", "tracking_number": "SC6642481", "risk_score": 0.98, "predicted_eta": "2026-04-16 09:41", "anomaly_detected": true}
2026-04-24 23:44:46,206 INFO prediction_event type=shipment_prediction payload={"shipment_id": "2eba2b90-99fa-c129-4dc6-9015c2906023", "tracking_number": "SC3966636", "risk_score": 0.98, "predicted_eta": "2026-04-12 21:52", "anomaly_detected": true}
2026-04-24 23:44:52,648 INFO prediction_event type=shipment_prediction payload={"shipment_id": "4f1a1643-2f9d-cd4a-71b0-ae99a1bcae59", "tracking_number": "SC5305582", "risk_score": 0.9263, "predicted_eta": "2025-12-07 22:11", "anomaly_detected": true}
2026-04-24 23:44:52,650 INFO prediction_event type=shipment_prediction payload={"shipment_id": "bb586d81-f3f2-0ef7-9a57-831f3c18056c", "tracking_number": "SC4933529", "risk_score": 0.98, "predicted_eta": "2026-04-13 02:10", "anomaly_detected": true}
2026-04-24 23:44:59,051 INFO prediction_event type=shipment_prediction payload={"shipment_id": "a96f0553-6777-66ca-88b6-3adc7f6503f0", "tracking_number": "SC5840254", "risk_score": 0.98, "predicted_eta": "2026-03-07 21:51", "anomaly_detected": true}
2026-04-24 23:45:05,234 INFO prediction_event type=shipment_prediction payload={"shipment_id": "1c6bdf9d-620a-a911-6b50-593e709f2390", "tracking_number": "SC5617805", "risk_score": 0.98, "predicted_eta": "2026-04-19 14:31", "anomaly_detected": true}
2026-04-24 23:45:05,235 INFO prediction_event type=shipment_prediction payload={"shipment_id": "836e7873-666b-cf5c-5cea-eeea4af4caa5", "tracking_number": "SC2364887", "risk_score": 0.98, "predicted_eta": "2026-04-15 12:31", "anomaly_detected": true}
2026-04-24 23:45:11,301 INFO request path=/api/weather/route-advisories method=GET status=200 duration_ms=20.10
2026-04-24 23:45:11,302 INFO request path=/api/weather method=GET status=200 duration_ms=2.92
2026-04-24 23:45:11,303 INFO request path=/api/shipments/stats method=GET status=200 duration_ms=24.51
2026-04-24 23:45:11,375 INFO request path=/api/shipments method=GET status=200 duration_ms=96.66
2026-04-24 23:45:11,375 INFO request path=/api/alerts method=GET status=200 duration_ms=95.77
2026-04-24 23:45:11,379 INFO request path=/api/analytics/kpis method=GET status=200 duration_ms=77.84
2026-04-24 23:45:11,434 INFO request path=/api/routes/cities method=GET status=200 duration_ms=3.94
2026-04-24 23:45:11,434 INFO request path=/api/analytics/carrier-performance method=GET status=200 duration_ms=51.86
2026-04-24 23:45:11,434 INFO request path=/api/analytics/monthly-trends method=GET status=200 duration_ms=49.65
2026-04-24 23:45:11,434 INFO request path=/api/analytics/ai-insights method=GET status=200 duration_ms=3.12
2026-04-24 23:45:11,434 INFO request path=/api/analytics/region-disruptions method=GET status=200 duration_ms=49.59
2026-04-24 23:45:11,699 INFO prediction_event type=shipment_prediction payload={"shipment_id": "f6781446-f468-101c-3e8d-d00a18969228", "tracking_number": "SC5557881", "risk_score": 0.98, "predicted_eta": "2026-04-12 22:36", "anomaly_detected": true}
2026-04-24 23:45:11,700 INFO prediction_event type=shipment_prediction payload={"shipment_id": "0ac17516-e0d7-3a21-077f-e9d457594b6d", "tracking_number": "SC3153399", "risk_score": 0.98, "predicted_eta": "2026-04-19 05:37", "anomaly_detected": true}
2026-04-24 23:45:17,945 INFO prediction_event type=shipment_prediction payload={"shipment_id": "86c105e3-0d3f-8043-71d4-a408349721b7", "tracking_number": "SC3929066", "risk_score": 0.98, "predicted_eta": "2026-02-10 14:47", "anomaly_detected": true}
2026-04-24 23:45:17,947 INFO prediction_event type=shipment_prediction payload={"shipment_id": "c0366429-5606-75cb-a69c-937537f4ab96", "tracking_number": "SC6170393", "risk_score": 0.98, "predicted_eta": "2026-04-14 09:52", "anomaly_detected": true}
2026-04-24 23:45:30,491 INFO prediction_event type=shipment_prediction payload={"shipment_id": "bef89416-b340-dee4-858b-b058861516e4", "tracking_number": "SC2718790", "risk_score": 0.98, "predicted_eta": "2026-04-18 13:59", "anomaly_detected": true}
2026-04-24 23:45:36,771 INFO prediction_event type=shipment_prediction payload={"shipment_id": "717a2f1e-ae1d-364e-e6e9-9246ff662c01", "tracking_number": "SC8692594", "risk_score": 0.9751, "predicted_eta": "2026-04-22 08:39", "anomaly_detected": true}
2026-04-24 23:45:43,128 INFO prediction_event type=shipment_prediction payload={"shipment_id": "60784a67-274c-1666-9d1b-b7d4d6ea8604", "tracking_number": "SC7545004", "risk_score": 0.98, "predicted_eta": "2026-04-15 18:11", "anomaly_detected": true}
2026-04-24 23:45:49,406 INFO prediction_event type=shipment_prediction payload={"shipment_id": "424bca8d-820b-3400-2798-7d4818f06c73", "tracking_number": "SC9914703", "risk_score": 0.9047, "predicted_eta": "2026-04-13 03:01", "anomaly_detected": true}
2026-04-24 23:46:08,475 INFO prediction_event type=shipment_prediction payload={"shipment_id": "5af2883f-bfad-fa1c-6910-9f5a0d5b3335", "tracking_number": "SC7133330", "risk_score": 0.98, "predicted_eta": "2026-03-29 21:21", "anomaly_detected": true}
2026-04-24 23:46:11,290 INFO request path=/api/weather/route-advisories method=GET status=200 duration_ms=11.09
2026-04-24 23:46:11,291 INFO request path=/api/weather method=GET status=200 duration_ms=1.50
2026-04-24 23:46:11,291 INFO request path=/api/shipments/stats method=GET status=200 duration_ms=12.44
2026-04-24 23:46:11,345 INFO request path=/api/shipments method=GET status=200 duration_ms=67.65
2026-04-24 23:46:11,346 INFO request path=/api/alerts method=GET status=200 duration_ms=67.22
2026-04-24 23:46:11,348 INFO request path=/api/analytics/kpis method=GET status=200 duration_ms=57.47
2026-04-24 23:46:11,398 INFO request path=/api/analytics/carrier-performance method=GET status=200 duration_ms=48.43
2026-04-24 23:46:11,398 INFO request path=/api/analytics/monthly-trends method=GET status=200 duration_ms=49.16
2026-04-24 23:46:11,399 INFO request path=/api/analytics/region-disruptions method=GET status=200 duration_ms=49.06
2026-04-24 23:46:11,400 INFO request path=/api/analytics/ai-insights method=GET status=200 duration_ms=5.17
2026-04-24 23:46:11,400 INFO request path=/api/routes/cities method=GET status=200 duration_ms=5.39
2026-04-24 23:46:14,755 INFO prediction_event type=shipment_prediction payload={"shipment_id": "8a376f0d-3f78-e072-0528-6cad8fd7080e", "tracking_number": "SC2370588", "risk_score": 0.8695, "predicted_eta": "2026-04-13 06:43", "anomaly_detected": true}
2026-04-24 23:46:14,758 INFO prediction_event type=shipment_prediction payload={"shipment_id": "b40b4f61-7e9f-f5ca-7c8a-ad6a8eb90caf", "tracking_number": "SC1333066", "risk_score": 0.98, "predicted_eta": "2026-04-15 04:26", "anomaly_detected": true}
2026-04-24 23:46:27,378 INFO prediction_event type=shipment_prediction payload={"shipment_id": "cab12cec-a328-b411-58b9-c452dcf1d951", "tracking_number": "SC7910768", "risk_score": 0.98, "predicted_eta": "2026-04-13 00:17", "anomaly_detected": true}
2026-04-24 23:46:29,519 INFO prediction_event type=shipment_prediction payload={"shipment_id": "3de82642-9819-bc14-fe97-8ea1b244b4d9", "tracking_number": "SC9356880", "risk_score": 0.98, "predicted_eta": "2026-04-03 14:27", "anomaly_detected": true}
2026-04-24 23:46:29,520 INFO prediction_event type=shipment_prediction payload={"shipment_id": "8305f3b8-cb44-7c18-0636-6d05d3df81df", "tracking_number": "SC2727353", "risk_score": 0.98, "predicted_eta": "2026-04-16 23:50", "anomaly_detected": true}
2026-04-24 23:46:29,520 INFO prediction_event type=shipment_prediction payload={"shipment_id": "b8ac0cc7-edfa-bbfb-a323-4ad9e717ae1b", "tracking_number": "SC1884158", "risk_score": 0.98, "predicted_eta": "2026-04-12 21:34", "anomaly_detected": true}
2026-04-24 23:46:29,520 INFO prediction_event type=shipment_prediction payload={"shipment_id": "46d0dc9e-14ba-b0be-c677-eb26f6dfcc8b", "tracking_number": "SC6759541", "risk_score": 0.98, "predicted_eta": "2026-04-17 03:01", "anomaly_detected": true}
2026-04-24 23:46:29,520 INFO prediction_event type=shipment_prediction payload={"shipment_id": "ad92ed40-4146-3063-267b-7cdf6c0cc008", "tracking_number": "SC7428419", "risk_score": 0.98, "predicted_eta": "2026-04-13 03:38", "anomaly_detected": true}
2026-04-24 23:46:29,521 INFO prediction_event type=shipment_prediction payload={"shipment_id": "0cee9ac0-54ec-385b-8be7-c49b9507c5a9", "tracking_number": "SC6066316", "risk_score": 0.98, "predicted_eta": "2026-04-13 14:02", "anomaly_detected": true}
2026-04-24 23:46:29,521 INFO prediction_event type=shipment_prediction payload={"shipment_id": "c2a1537d-2739-b5b7-aace-78804c71b70c", "tracking_number": "SC3592770", "risk_score": 0.98, "predicted_eta": "2026-04-12 23:05", "anomaly_detected": true}
2026-04-24 23:46:29,521 INFO prediction_event type=shipment_prediction payload={"shipment_id": "dcf8df2b-171e-8050-b5f3-51346ec46b34", "tracking_number": "SC5227231", "risk_score": 0.98, "predicted_eta": "2026-04-13 03:03", "anomaly_detected": true}
2026-04-24 23:46:29,521 INFO prediction_event type=shipment_prediction payload={"shipment_id": "355b60c8-03f4-1a10-b325-19b9c3ea29c0", "tracking_number": "SC1567681", "risk_score": 0.98, "predicted_eta": "2026-04-13 05:58", "anomaly_detected": true}
2026-04-24 23:46:29,522 INFO prediction_event type=shipment_prediction payload={"shipment_id": "bef89416-b340-dee4-858b-b058861516e4", "tracking_number": "SC2718790", "risk_score": 0.98, "predicted_eta": "2026-04-18 13:59", "anomaly_detected": true}
2026-04-24 23:46:29,522 INFO prediction_event type=shipment_prediction payload={"shipment_id": "757ba228-4aa3-8bf7-8460-afd8280e4fe7", "tracking_number": "SC7326407", "risk_score": 0.98, "predicted_eta": "2026-04-17 13:20", "anomaly_detected": true}
2026-04-24 23:46:29,522 INFO prediction_event type=shipment_prediction payload={"shipment_id": "eb6ecabb-0601-b97d-87ab-25a00d294626", "tracking_number": "SC2507240", "risk_score": 0.98, "predicted_eta": "2026-04-14 16:48", "anomaly_detected": true}
2026-04-24 23:46:29,523 INFO prediction_event type=shipment_prediction payload={"shipment_id": "314f1bd8-4570-558a-3c40-af2b7173fea9", "tracking_number": "SC3411224", "risk_score": 0.98, "predicted_eta": "2026-04-24 06:06", "anomaly_detected": true}
2026-04-24 23:46:29,523 INFO prediction_event type=shipment_prediction payload={"shipment_id": "5c43c3ad-92a6-f388-a957-70b1097c7bda", "tracking_number": "SC8698608", "risk_score": 0.98, "predicted_eta": "2025-11-14 18:49", "anomaly_detected": true}
2026-04-24 23:46:29,523 INFO prediction_event type=shipment_prediction payload={"shipment_id": "3d8f8a80-416f-d034-2a66-82f92defabbb", "tracking_number": "SC8312197", "risk_score": 0.98, "predicted_eta": "2026-04-13 08:09", "anomaly_detected": true}
2026-04-24 23:46:29,523 INFO prediction_event type=shipment_prediction payload={"shipment_id": "5a69d681-63f7-585c-d298-74d8b9a884f5", "tracking_number": "SC7778975", "risk_score": 0.98, "predicted_eta": "2026-04-18 06:14", "anomaly_detected": true}
2026-04-24 23:46:29,524 INFO prediction_event type=shipment_prediction payload={"shipment_id": "af11062c-ff8e-0832-4307-acab29c4ddfc", "tracking_number": "SC1267889", "risk_score": 0.98, "predicted_eta": "2026-04-14 01:17", "anomaly_detected": true}
2026-04-24 23:46:29,524 INFO prediction_event type=shipment_prediction payload={"shipment_id": "836e7873-666b-cf5c-5cea-eeea4af4caa5", "tracking_number": "SC2364887", "risk_score": 0.98, "predicted_eta": "2026-04-15 12:31", "anomaly_detected": true}
2026-04-24 23:46:29,524 INFO prediction_event type=shipment_prediction payload={"shipment_id": "50290c56-bb6b-a5a5-d538-f3f08605b01f", "tracking_number": "SC4529213", "risk_score": 0.98, "predicted_eta": "2026-04-26 09:37", "anomaly_detected": true}
2026-04-24 23:46:29,525 INFO prediction_event type=shipment_prediction payload={"shipment_id": "cb8876e7-22c6-a753-787f-49469e5bdd70", "tracking_number": "SC8328873", "risk_score": 0.98, "predicted_eta": "2026-04-21 09:23", "anomaly_detected": true}
2026-04-24 23:46:29,525 INFO prediction_event type=shipment_prediction payload={"shipment_id": "ebe05d73-8d74-96f3-aa36-a1729dd7ac92", "tracking_number": "SC2013474", "risk_score": 0.98, "predicted_eta": "2026-04-13 13:13", "anomaly_detected": true}
2026-04-24 23:46:29,525 INFO prediction_event type=shipment_prediction payload={"shipment_id": "30b1fc87-1db5-efc7-2962-3cda4415e215", "tracking_number": "SC2207013", "risk_score": 0.98, "predicted_eta": "2026-04-13 21:43", "anomaly_detected": true}
2026-04-24 23:46:29,525 INFO prediction_event type=shipment_prediction payload={"shipment_id": "e3bde622-f5f0-4fd3-734c-3ed049928aeb", "tracking_number": "SC1676620", "risk_score": 0.98, "predicted_eta": "2026-04-12 20:57", "anomaly_detected": true}
2026-04-24 23:46:29,526 INFO prediction_event type=shipment_prediction payload={"shipment_id": "d7e17530-163b-b952-84c4-76b452be8b2d", "tracking_number": "SC2823462", "risk_score": 0.98, "predicted_eta": "2026-04-13 07:34", "anomaly_detected": true}
2026-04-24 23:46:29,526 INFO prediction_event type=shipment_prediction payload={"shipment_id": "6dc7a4df-9ca5-b26a-e679-6355f126a83d", "tracking_number": "SC4180265", "risk_score": 0.98, "predicted_eta": "2025-10-14 07:52", "anomaly_detected": true}
2026-04-24 23:46:29,526 INFO prediction_event type=shipment_prediction payload={"shipment_id": "ef0c54b0-054a-7865-532e-b1b16e6aa115", "tracking_number": "SC7564005", "risk_score": 0.98, "predicted_eta": "2026-04-18 08:45", "anomaly_detected": true}
2026-04-24 23:46:29,526 INFO prediction_event type=shipment_prediction payload={"shipment_id": "cf795608-6aca-22e1-e193-ae1bf97edff8", "tracking_number": "SC1780946", "risk_score": 0.98, "predicted_eta": "2026-04-18 08:50", "anomaly_detected": true}
2026-04-24 23:46:29,527 INFO prediction_event type=shipment_prediction payload={"shipment_id": "0cef1704-c5ab-852b-f9b7-7592478823ca", "tracking_number": "SC8315702", "risk_score": 0.98, "predicted_eta": "2026-04-13 06:49", "anomaly_detected": true}
2026-04-24 23:46:29,527 INFO prediction_event type=shipment_prediction payload={"shipment_id": "54edc0ca-7a83-f020-6cd0-dbc316ce904c", "tracking_number": "SC5357875", "risk_score": 0.98, "predicted_eta": "2026-04-16 05:23", "anomaly_detected": true}
2026-04-24 23:46:29,527 INFO prediction_event type=shipment_prediction payload={"shipment_id": "1c6bdf9d-620a-a911-6b50-593e709f2390", "tracking_number": "SC5617805", "risk_score": 0.98, "predicted_eta": "2026-04-19 14:31", "anomaly_detected": true}
2026-04-24 23:46:29,528 INFO prediction_event type=shipment_prediction payload={"shipment_id": "f91c8a3e-444d-afef-30e1-d790492f7da8", "tracking_number": "SC6642481", "risk_score": 0.98, "predicted_eta": "2026-04-16 09:41", "anomaly_detected": true}
2026-04-24 23:46:29,528 INFO prediction_event type=shipment_prediction payload={"shipment_id": "4be4040d-3b28-ad0b-c8ff-2a37bc6af8c1", "tracking_number": "SC1815854", "risk_score": 0.98, "predicted_eta": "2025-10-21 19:29", "anomaly_detected": true}
2026-04-24 23:46:29,528 INFO prediction_event type=shipment_prediction payload={"shipment_id": "f5a76411-2ebb-b125-41c8-76439a8c8963", "tracking_number": "SC4154773", "risk_score": 0.98, "predicted_eta": "2026-01-14 09:55", "anomaly_detected": true}
2026-04-24 23:46:29,529 INFO prediction_event type=shipment_prediction payload={"shipment_id": "d9b9205f-bb27-6ac5-13ff-a285c970e809", "tracking_number": "SC1599184", "risk_score": 0.98, "predicted_eta": "2026-04-13 00:17", "anomaly_detected": true}
2026-04-24 23:46:29,529 INFO prediction_event type=shipment_prediction payload={"shipment_id": "c06bf170-8938-a564-8978-5fa2096b319b", "tracking_number": "SC3015144", "risk_score": 0.98, "predicted_eta": "2026-04-13 00:58", "anomaly_detected": true}
2026-04-24 23:46:29,529 INFO prediction_event type=shipment_prediction payload={"shipment_id": "d69b4276-6799-1965-3ac2-15f7bc565578", "tracking_number": "SC7482139", "risk_score": 0.98, "predicted_eta": "2026-04-16 17:48", "anomaly_detected": true}
2026-04-24 23:46:29,529 INFO prediction_event type=shipment_prediction payload={"shipment_id": "7b086a4f-5e62-14d8-b594-273bc364a918", "tracking_number": "SC3078468", "risk_score": 0.98, "predicted_eta": "2026-04-13 00:05", "anomaly_detected": true}
2026-04-24 23:46:29,530 INFO prediction_event type=shipment_prediction payload={"shipment_id": "c3f90c3d-f5e3-a004-05a9-d572be1c55a9", "tracking_number": "SC8461923", "risk_score": 0.98, "predicted_eta": "2026-04-14 10:13", "anomaly_detected": true}
2026-04-24 23:46:29,530 INFO prediction_event type=shipment_prediction payload={"shipment_id": "340cca8c-4991-1c4c-666a-319ca9acc3c3", "tracking_number": "SC1568173", "risk_score": 0.98, "predicted_eta": "2026-04-14 13:49", "anomaly_detected": true}
2026-04-24 23:46:29,530 INFO prediction_event type=shipment_prediction payload={"shipment_id": "2e1fc467-24da-ee9a-9778-1771d7a65a04", "tracking_number": "SC9500598", "risk_score": 0.98, "predicted_eta": "2026-04-16 22:46", "anomaly_detected": true}
2026-04-24 23:46:29,530 INFO prediction_event type=shipment_prediction payload={"shipment_id": "ec947b5d-e712-64b7-d820-8b39e8adf20c", "tracking_number": "SC3742195", "risk_score": 0.98, "predicted_eta": "2026-04-13 09:43", "anomaly_detected": true}
2026-04-24 23:46:29,531 INFO prediction_event type=shipment_prediction payload={"shipment_id": "dcc094d5-bf6e-0be2-1af6-7af5d2a98398", "tracking_number": "SC5393522", "risk_score": 0.98, "predicted_eta": "2026-04-13 02:42", "anomaly_detected": true}
2026-04-24 23:46:29,531 INFO prediction_event type=shipment_prediction payload={"shipment_id": "e17901a7-1f44-477b-3d06-ff59f0f574d7", "tracking_number": "SC7966637", "risk_score": 0.98, "predicted_eta": "2026-04-13 23:54", "anomaly_detected": true}
2026-04-24 23:46:29,531 INFO prediction_event type=shipment_prediction payload={"shipment_id": "aba704d3-9a7e-34fd-2ba6-d66934a8cdae", "tracking_number": "SC5471734", "risk_score": 0.98, "predicted_eta": "2026-04-10 18:07", "anomaly_detected": true}
2026-04-24 23:46:29,531 INFO prediction_event type=shipment_prediction payload={"shipment_id": "88ee8693-a174-47c4-7cee-1ab8aa8a2c23", "tracking_number": "SC2800843", "risk_score": 0.98, "predicted_eta": "2026-04-15 11:16", "anomaly_detected": true}
2026-04-24 23:46:29,532 INFO prediction_event type=shipment_prediction payload={"shipment_id": "7506d712-3724-54bf-94c6-646884751e02", "tracking_number": "SC2382359", "risk_score": 0.98, "predicted_eta": "2026-05-05 14:40", "anomaly_detected": true}
2026-04-24 23:46:29,532 INFO prediction_event type=shipment_prediction payload={"shipment_id": "a3ebd69b-9ca7-4ece-8085-e4b6408c6696", "tracking_number": "SC8045055", "risk_score": 0.98, "predicted_eta": "2026-04-11 14:43", "anomaly_detected": true}
2026-04-24 23:46:29,532 INFO prediction_event type=shipment_prediction payload={"shipment_id": "f5a6079b-2224-5c0a-e6be-6f08b9bee7dc", "tracking_number": "SC7753348", "risk_score": 0.98, "predicted_eta": "2026-04-16 00:24", "anomaly_detected": true}
2026-04-24 23:46:29,533 INFO prediction_event type=shipment_prediction payload={"shipment_id": "2cb1574b-7b89-a09b-37f1-ed9d6dfa576b", "tracking_number": "SC9636714", "risk_score": 0.98, "predicted_eta": "2026-02-04 02:10", "anomaly_detected": true}
2026-04-24 23:46:29,533 INFO prediction_event type=shipment_prediction payload={"shipment_id": "8e3c45c3-ba47-cef7-9cf4-447e1bd75f75", "tracking_number": "SC5868907", "risk_score": 0.98, "predicted_eta": "2026-04-13 17:21", "anomaly_detected": true}
2026-04-24 23:46:29,533 INFO prediction_event type=shipment_prediction payload={"shipment_id": "fdbe2378-c745-1031-728d-8ba05ce5af21", "tracking_number": "SC9388496", "risk_score": 0.98, "predicted_eta": "2026-04-20 09:06", "anomaly_detected": true}
2026-04-24 23:46:29,533 INFO prediction_event type=shipment_prediction payload={"shipment_id": "0bd5ea1a-eedf-5668-714e-518b122a0605", "tracking_number": "SC8123578", "risk_score": 0.98, "predicted_eta": "2026-04-12 21:34", "anomaly_detected": true}
2026-04-24 23:46:29,534 INFO prediction_event type=shipment_prediction payload={"shipment_id": "d01edc3a-0814-8d23-6372-5205efe5706d", "tracking_number": "SC1832012", "risk_score": 0.98, "predicted_eta": "2026-04-16 06:17", "anomaly_detected": true}
2026-04-24 23:46:29,534 INFO prediction_event type=shipment_prediction payload={"shipment_id": "e82022d7-40ec-eb73-ad86-0957008d2691", "tracking_number": "SC2590445", "risk_score": 0.98, "predicted_eta": "2026-04-26 18:18", "anomaly_detected": true}
2026-04-24 23:46:29,534 INFO prediction_event type=shipment_prediction payload={"shipment_id": "347349cf-0dcb-87c0-d29c-c212308e8653", "tracking_number": "SC5549442", "risk_score": 0.98, "predicted_eta": "2026-04-19 21:16", "anomaly_detected": true}
2026-04-24 23:46:29,534 INFO prediction_event type=shipment_prediction payload={"shipment_id": "4f9e9576-513e-4a1a-f250-32dd415bfa74", "tracking_number": "SC8449980", "risk_score": 0.98, "predicted_eta": "2026-04-18 02:26", "anomaly_detected": true}
2026-04-24 23:46:29,535 INFO prediction_event type=shipment_prediction payload={"shipment_id": "60784a67-274c-1666-9d1b-b7d4d6ea8604", "tracking_number": "SC7545004", "risk_score": 0.98, "predicted_eta": "2026-04-15 18:11", "anomaly_detected": true}
2026-04-24 23:46:29,535 INFO prediction_event type=shipment_prediction payload={"shipment_id": "4d0f1a3b-3b21-e922-53a8-9bb83ebff8ac", "tracking_number": "SC1360913", "risk_score": 0.98, "predicted_eta": "2026-04-29 21:38", "anomaly_detected": true}
2026-04-24 23:46:29,535 INFO prediction_event type=shipment_prediction payload={"shipment_id": "8464a7df-ea2e-3a98-8769-e8ab12b672eb", "tracking_number": "SC1386987", "risk_score": 0.98, "predicted_eta": "2026-04-12 23:00", "anomaly_detected": true}
2026-04-24 23:46:29,536 INFO prediction_event type=shipment_prediction payload={"shipment_id": "c2ea25b4-efa8-dcf6-4d9f-861e86eb5947", "tracking_number": "SC9669979", "risk_score": 0.98, "predicted_eta": "2026-04-13 13:39", "anomaly_detected": true}
2026-04-24 23:46:29,536 INFO prediction_event type=shipment_prediction payload={"shipment_id": "62cc2e97-6531-758a-2ac8-233dea9b5294", "tracking_number": "SC4967122", "risk_score": 0.98, "predicted_eta": "2026-04-13 03:18", "anomaly_detected": true}
2026-04-24 23:46:29,536 INFO prediction_event type=shipment_prediction payload={"shipment_id": "f925fe10-fab4-241a-1258-1f519d6f0fe5", "tracking_number": "SC4742893", "risk_score": 0.98, "predicted_eta": "2026-04-27 07:10", "anomaly_detected": true}
2026-04-24 23:46:29,536 INFO prediction_event type=shipment_prediction payload={"shipment_id": "435d8419-5767-0bf7-c0c9-e2e9f6733ba1", "tracking_number": "SC8357138", "risk_score": 0.98, "predicted_eta": "2026-04-21 03:38", "anomaly_detected": true}
2026-04-24 23:46:29,537 INFO prediction_event type=shipment_prediction payload={"shipment_id": "35594020-68fe-fad7-0ade-6511ee1c6504", "tracking_number": "SC1540053", "risk_score": 0.98, "predicted_eta": "2026-04-13 21:36", "anomaly_detected": true}
2026-04-24 23:46:29,537 INFO prediction_event type=shipment_prediction payload={"shipment_id": "d1a42061-e004-0926-d1b5-f3a5b7e31914", "tracking_number": "SC5988559", "risk_score": 0.98, "predicted_eta": "2026-04-18 04:34", "anomaly_detected": true}
2026-04-24 23:46:29,537 INFO prediction_event type=shipment_prediction payload={"shipment_id": "ce8ce65c-defd-c0c3-3a4c-566605e83b01", "tracking_number": "SC2424618", "risk_score": 0.98, "predicted_eta": "2026-04-13 01:36", "anomaly_detected": true}
2026-04-24 23:46:29,537 INFO prediction_event type=shipment_prediction payload={"shipment_id": "a373bf2e-d1a2-f28c-3280-7b31babc14e1", "tracking_number": "SC2440575", "risk_score": 0.98, "predicted_eta": "2026-04-12 22:36", "anomaly_detected": true}
2026-04-24 23:46:29,538 INFO prediction_event type=shipment_prediction payload={"shipment_id": "20f3e023-6a6f-a905-ca65-066fbffe1d09", "tracking_number": "SC3413701", "risk_score": 0.98, "predicted_eta": "2026-04-22 14:29", "anomaly_detected": true}
2026-04-24 23:46:29,538 INFO prediction_event type=shipment_prediction payload={"shipment_id": "fff19c1f-4ae7-86e9-62db-986e7d4ed463", "tracking_number": "SC5542025", "risk_score": 0.98, "predicted_eta": "2025-10-24 13:59", "anomaly_detected": true}
2026-04-24 23:46:29,538 INFO prediction_event type=shipment_prediction payload={"shipment_id": "5def921d-8978-4bb8-a93b-63b45fe5d951", "tracking_number": "SC6031012", "risk_score": 0.98, "predicted_eta": "2026-04-13 10:46", "anomaly_detected": true}
2026-04-24 23:46:29,538 INFO prediction_event type=shipment_prediction payload={"shipment_id": "9586e342-7d22-b86b-7178-1362981f2ee5", "tracking_number": "SC4080765", "risk_score": 0.98, "predicted_eta": "2026-04-21 18:17", "anomaly_detected": true}
2026-04-24 23:46:29,539 INFO prediction_event type=shipment_prediction payload={"shipment_id": "a345e9e0-0aef-0828-9948-a9064ea88c35", "tracking_number": "SC4630924", "risk_score": 0.98, "predicted_eta": "2026-04-18 22:13", "anomaly_detected": true}
2026-04-24 23:46:29,539 INFO prediction_event type=shipment_prediction payload={"shipment_id": "45bea202-c826-8a0d-7e5c-ca07c69744d7", "tracking_number": "SC2378557", "risk_score": 0.98, "predicted_eta": "2026-04-18 02:07", "anomaly_detected": true}
2026-04-24 23:46:29,539 INFO prediction_event type=shipment_prediction payload={"shipment_id": "3365f5fe-4a0c-8984-cca7-a2b1f2c86d2f", "tracking_number": "SC2799273", "risk_score": 0.98, "predicted_eta": "2026-04-18 20:45", "anomaly_detected": true}
2026-04-24 23:46:29,539 INFO prediction_event type=shipment_prediction payload={"shipment_id": "83e1f43b-cd1f-005f-0edf-cde378e072b1", "tracking_number": "SC1652121", "risk_score": 0.98, "predicted_eta": "2026-04-14 23:06", "anomaly_detected": true}
2026-04-24 23:46:29,540 INFO prediction_event type=shipment_prediction payload={"shipment_id": "5aa9c51a-a33a-30d9-5825-1552e051e25f", "tracking_number": "SC7144270", "risk_score": 0.98, "predicted_eta": "2026-04-12 21:20", "anomaly_detected": true}
2026-04-24 23:46:29,540 INFO prediction_event type=shipment_prediction payload={"shipment_id": "7d135822-5d35-0581-ffa4-b24a2063dcf4", "tracking_number": "SC9343028", "risk_score": 0.98, "predicted_eta": "2026-04-23 04:00", "anomaly_detected": true}
2026-04-24 23:46:29,540 INFO prediction_event type=shipment_prediction payload={"shipment_id": "a6ac1bb9-d790-cdb0-2afa-67396587e68f", "tracking_number": "SC1121415", "risk_score": 0.98, "predicted_eta": "2026-04-12 12:04", "anomaly_detected": true}
2026-04-24 23:46:29,540 INFO prediction_event type=shipment_prediction payload={"shipment_id": "6acc6eef-c94a-72fd-c3b0-d00ed844c24d", "tracking_number": "SC9467863", "risk_score": 0.98, "predicted_eta": "2026-04-15 21:08", "anomaly_detected": true}
2026-04-24 23:46:29,541 INFO prediction_event type=shipment_prediction payload={"shipment_id": "fd4c7c59-136a-56d0-cf01-9a060573f452", "tracking_number": "SC8136810", "risk_score": 0.98, "predicted_eta": "2026-04-14 01:58", "anomaly_detected": true}
2026-04-24 23:46:29,541 INFO prediction_event type=shipment_prediction payload={"shipment_id": "4281f290-6b8a-005e-ade7-ebd25abe712e", "tracking_number": "SC6844805", "risk_score": 0.98, "predicted_eta": "2026-04-13 11:21", "anomaly_detected": true}
2026-04-24 23:46:29,541 INFO prediction_event type=shipment_prediction payload={"shipment_id": "1d4669ce-381b-84aa-0ce2-70b4e5abfd23", "tracking_number": "SC8711005", "risk_score": 0.98, "predicted_eta": "2026-04-12 22:57", "anomaly_detected": true}
2026-04-24 23:46:29,542 INFO prediction_event type=shipment_prediction payload={"shipment_id": "ca64e815-45b1-a079-b55c-95f9cdc8fd53", "tracking_number": "SC6131577", "risk_score": 0.98, "predicted_eta": "2026-04-18 14:43", "anomaly_detected": true}
2026-04-24 23:46:29,542 INFO prediction_event type=shipment_prediction payload={"shipment_id": "f6781446-f468-101c-3e8d-d00a18969228", "tracking_number": "SC5557881", "risk_score": 0.98, "predicted_eta": "2026-04-12 22:36", "anomaly_detected": true}
2026-04-24 23:46:29,542 INFO prediction_event type=shipment_prediction payload={"shipment_id": "b1721bd8-1872-369c-ae56-eb116738c653", "tracking_number": "SC8198110", "risk_score": 0.98, "predicted_eta": "2026-04-17 04:38", "anomaly_detected": true}
2026-04-24 23:46:29,542 INFO prediction_event type=shipment_prediction payload={"shipment_id": "276c1b83-6800-8655-a7f9-07710bea5fd5", "tracking_number": "SC7961366", "risk_score": 0.98, "predicted_eta": "2026-04-16 14:26", "anomaly_detected": true}
2026-04-24 23:46:29,543 INFO prediction_event type=shipment_prediction payload={"shipment_id": "fd916171-7fcf-35d5-3bfb-2e237bb56e9a", "tracking_number": "SC6331432", "risk_score": 0.98, "predicted_eta": "2026-04-15 03:43", "anomaly_detected": true}
2026-04-24 23:46:29,543 INFO prediction_event type=shipment_prediction payload={"shipment_id": "52ee095c-23fb-094d-48b5-68145925d2c8", "tracking_number": "SC5109990", "risk_score": 0.98, "predicted_eta": "2026-04-15 22:36", "anomaly_detected": true}
2026-04-24 23:46:29,543 INFO prediction_event type=shipment_prediction payload={"shipment_id": "88a80dac-5292-d896-186e-68fbed2d9a69", "tracking_number": "SC2296906", "risk_score": 0.98, "predicted_eta": "2026-04-25 19:03", "anomaly_detected": true}
2026-04-24 23:46:29,543 INFO prediction_event type=shipment_prediction payload={"shipment_id": "0e753e46-3cf1-3464-9ed2-203529618b2a", "tracking_number": "SC5712635", "risk_score": 0.98, "predicted_eta": "2026-04-13 02:12", "anomaly_detected": true}
2026-04-24 23:46:29,544 INFO prediction_event type=shipment_prediction payload={"shipment_id": "4adddd05-8a9c-b8f9-85dc-352bfc3a709b", "tracking_number": "SC2014843", "risk_score": 0.98, "predicted_eta": "2026-04-01 18:19", "anomaly_detected": true}
2026-04-24 23:46:29,544 INFO prediction_event type=shipment_prediction payload={"shipment_id": "9de2e583-f663-6520-bb23-bf2de8c46d47", "tracking_number": "SC3457584", "risk_score": 0.98, "predicted_eta": "2026-03-27 22:04", "anomaly_detected": true}
2026-04-24 23:46:29,544 INFO prediction_event type=shipment_prediction payload={"shipment_id": "5dfe35e2-412d-a1d9-dc1f-1f19829e9073", "tracking_number": "SC7794065", "risk_score": 0.98, "predicted_eta": "2025-12-22 01:25", "anomaly_detected": true}
2026-04-24 23:46:29,544 INFO prediction_event type=shipment_prediction payload={"shipment_id": "f4ad7982-1efb-3697-0893-31124709c9ff", "tracking_number": "SC2318087", "risk_score": 0.98, "predicted_eta": "2026-02-05 23:48", "anomaly_detected": true}
2026-04-24 23:46:29,545 INFO prediction_event type=shipment_prediction payload={"shipment_id": "72d782a3-5bda-4838-129e-fe95313a258f", "tracking_number": "SC1100530", "risk_score": 0.98, "predicted_eta": "2026-04-19 18:09", "anomaly_detected": true}
2026-04-24 23:46:29,545 INFO prediction_event type=shipment_prediction payload={"shipment_id": "82be22b6-1715-6bad-ffbc-9929cad6d870", "tracking_number": "SC3341318", "risk_score": 0.98, "predicted_eta": "2026-03-13 04:16", "anomaly_detected": true}
2026-04-24 23:46:29,545 INFO prediction_event type=shipment_prediction payload={"shipment_id": "29270899-3a53-3e16-18bb-0076d0fcfe5b", "tracking_number": "SC7234191", "risk_score": 0.98, "predicted_eta": "2026-03-13 21:13", "anomaly_detected": true}
2026-04-24 23:46:29,545 INFO prediction_event type=shipment_prediction payload={"shipment_id": "dd2bbeca-7809-0bca-1dae-339e0254fad6", "tracking_number": "SC9913771", "risk_score": 0.98, "predicted_eta": "2026-04-13 03:44", "anomaly_detected": true}
2026-04-24 23:46:29,546 INFO prediction_event type=shipment_prediction payload={"shipment_id": "17d2545a-3ed4-3aaa-2ab5-ac438a84b742", "tracking_number": "SC5709135", "risk_score": 0.98, "predicted_eta": "2026-04-17 13:19", "anomaly_detected": true}
2026-04-24 23:46:29,546 INFO prediction_event type=shipment_prediction payload={"shipment_id": "5afa92f1-25bb-7263-f3bb-f5d3a1c9969f", "tracking_number": "SC9844248", "risk_score": 0.98, "predicted_eta": "2025-11-25 15:44", "anomaly_detected": true}
2026-04-24 23:46:29,546 INFO prediction_event type=shipment_prediction payload={"shipment_id": "30bdfc2c-6fb7-fe7e-8e6d-3b0f6c2b1f4a", "tracking_number": "SC4012267", "risk_score": 0.98, "predicted_eta": "2026-04-19 21:54", "anomaly_detected": true}
2026-04-24 23:46:29,546 INFO prediction_event type=shipment_prediction payload={"shipment_id": "6df570f8-e19b-f1f3-498e-e944ce543f77", "tracking_number": "SC1737206", "risk_score": 0.98, "predicted_eta": "2026-03-15 15:15", "anomaly_detected": true}
2026-04-24 23:46:29,547 INFO prediction_event type=shipment_prediction payload={"shipment_id": "3a4452eb-99c3-d673-2933-eb86e84ce919", "tracking_number": "SC8600011", "risk_score": 0.98, "predicted_eta": "2026-04-19 16:30", "anomaly_detected": true}
2026-04-24 23:46:29,547 INFO prediction_event type=shipment_prediction payload={"shipment_id": "16ef15c7-41c9-d863-f05e-73209e3f6463", "tracking_number": "SC8514626", "risk_score": 0.98, "predicted_eta": "2025-10-15 04:50", "anomaly_detected": true}
2026-04-24 23:46:29,547 INFO prediction_event type=shipment_prediction payload={"shipment_id": "2a998fc2-fca9-c014-5cfa-209bbe5a4b65", "tracking_number": "SC1419315", "risk_score": 0.98, "predicted_eta": "2026-04-12 03:34", "anomaly_detected": true}
2026-04-24 23:46:29,548 INFO prediction_event type=shipment_prediction payload={"shipment_id": "efc365e3-27e2-cd3d-9b35-97ba4f0a713a", "tracking_number": "SC2545294", "risk_score": 0.98, "predicted_eta": "2026-04-15 18:51", "anomaly_detected": true}
2026-04-24 23:46:29,548 INFO prediction_event type=shipment_prediction payload={"shipment_id": "535c5b65-a9c8-f7bd-919f-d318ec14715a", "tracking_number": "SC1282328", "risk_score": 0.98, "predicted_eta": "2026-01-19 22:25", "anomaly_detected": true}
2026-04-24 23:46:29,548 INFO prediction_event type=shipment_prediction payload={"shipment_id": "90a0496e-117e-655d-03ab-a47fba3a9daa", "tracking_number": "SC5005039", "risk_score": 0.98, "predicted_eta": "2025-11-15 18:16", "anomaly_detected": true}
2026-04-24 23:46:29,549 INFO prediction_event type=shipment_prediction payload={"shipment_id": "d64886f0-86c7-7927-d747-4f306b5f9415", "tracking_number": "SC5851623", "risk_score": 0.98, "predicted_eta": "2026-04-25 11:19", "anomaly_detected": true}
2026-04-24 23:46:29,549 INFO prediction_event type=shipment_prediction payload={"shipment_id": "c4b561a0-2330-b35e-016e-c2f6f2de65aa", "tracking_number": "SC8040001", "risk_score": 0.98, "predicted_eta": "2026-03-27 08:07", "anomaly_detected": true}
2026-04-24 23:46:29,549 INFO prediction_event type=shipment_prediction payload={"shipment_id": "d76eedea-92ed-b03b-329c-cfca77b0dfd9", "tracking_number": "SC5066762", "risk_score": 0.98, "predicted_eta": "2026-04-15 07:41", "anomaly_detected": true}
2026-04-24 23:46:29,549 INFO prediction_event type=shipment_prediction payload={"shipment_id": "355171f0-3220-a4b8-b9fa-f996ce43a309", "tracking_number": "SC3562160", "risk_score": 0.98, "predicted_eta": "2026-01-02 08:45", "anomaly_detected": true}
2026-04-24 23:46:29,550 INFO prediction_event type=shipment_prediction payload={"shipment_id": "1d97c51a-d2fa-b485-73d1-3b6766e951a1", "tracking_number": "SC8688686", "risk_score": 0.98, "predicted_eta": "2026-04-13 03:53", "anomaly_detected": true}
2026-04-24 23:46:29,550 INFO prediction_event type=shipment_prediction payload={"shipment_id": "9c23a497-1cda-78a7-eb60-9f4523916122", "tracking_number": "SC2549737", "risk_score": 0.98, "predicted_eta": "2026-04-14 22:20", "anomaly_detected": true}
2026-04-24 23:46:29,550 INFO prediction_event type=shipment_prediction payload={"shipment_id": "cab12cec-a328-b411-58b9-c452dcf1d951", "tracking_number": "SC7910768", "risk_score": 0.98, "predicted_eta": "2026-04-13 00:17", "anomaly_detected": true}
2026-04-24 23:46:29,550 INFO prediction_event type=shipment_prediction payload={"shipment_id": "86c105e3-0d3f-8043-71d4-a408349721b7", "tracking_number": "SC3929066", "risk_score": 0.98, "predicted_eta": "2026-02-10 14:47", "anomaly_detected": true}
2026-04-24 23:46:29,551 INFO prediction_event type=shipment_prediction payload={"shipment_id": "d377e0a7-a631-5a16-2021-f76c69cd93d4", "tracking_number": "SC1030020", "risk_score": 0.98, "predicted_eta": "2026-04-14 07:25", "anomaly_detected": true}
2026-04-24 23:46:29,551 INFO prediction_event type=shipment_prediction payload={"shipment_id": "99f6b009-2f5b-cdb6-4925-f3cd43f585f3", "tracking_number": "SC2134129", "risk_score": 0.98, "predicted_eta": "2025-11-07 19:57", "anomaly_detected": true}
2026-04-24 23:46:29,551 INFO prediction_event type=shipment_prediction payload={"shipment_id": "57ae5821-e7cf-06fc-9d91-368f1a7d3371", "tracking_number": "SC9707870", "risk_score": 0.98, "predicted_eta": "2026-02-06 12:45", "anomaly_detected": true}
2026-04-24 23:46:29,551 INFO prediction_event type=shipment_prediction payload={"shipment_id": "19f0e4a4-2128-58c1-07e5-fe25db9d020c", "tracking_number": "SC5907517", "risk_score": 0.98, "predicted_eta": "2025-12-07 02:48", "anomaly_detected": true}
2026-04-24 23:46:29,552 INFO prediction_event type=shipment_prediction payload={"shipment_id": "b4ef78f2-b394-43df-5fcc-7aa4a24367f3", "tracking_number": "SC9929603", "risk_score": 0.98, "predicted_eta": "2025-12-30 20:25", "anomaly_detected": true}
2026-04-24 23:46:29,552 INFO prediction_event type=shipment_prediction payload={"shipment_id": "ddd483d2-b0fd-3872-a3f4-6ec229cf712e", "tracking_number": "SC9243145", "risk_score": 0.98, "predicted_eta": "2026-04-21 04:46", "anomaly_detected": true}
2026-04-24 23:46:29,552 INFO prediction_event type=shipment_prediction payload={"shipment_id": "4d9b4eb8-bc56-1d17-4abe-9f2ee2439f40", "tracking_number": "SC8598227", "risk_score": 0.98, "predicted_eta": "2026-04-21 22:46", "anomaly_detected": true}
2026-04-24 23:46:29,553 INFO prediction_event type=shipment_prediction payload={"shipment_id": "94fa0d9e-31a7-aa15-85ec-5f0a08415c5a", "tracking_number": "SC8391611", "risk_score": 0.98, "predicted_eta": "2026-03-20 22:55", "anomaly_detected": true}
2026-04-24 23:46:29,553 INFO prediction_event type=shipment_prediction payload={"shipment_id": "a9c11d29-7b46-c0ca-8bbe-4ef3fe84ae94", "tracking_number": "SC8810552", "risk_score": 0.98, "predicted_eta": "2026-01-28 09:36", "anomaly_detected": true}
2026-04-24 23:46:29,553 INFO prediction_event type=shipment_prediction payload={"shipment_id": "16e3a86c-7389-721d-a2dd-c110c360ac95", "tracking_number": "SC2893196", "risk_score": 0.98, "predicted_eta": "2026-04-13 15:33", "anomaly_detected": true}
2026-04-24 23:46:29,553 INFO prediction_event type=shipment_prediction payload={"shipment_id": "d22f6ccd-50dd-293f-3b72-dc9c92055f17", "tracking_number": "SC9886933", "risk_score": 0.98, "predicted_eta": "2026-04-14 05:19", "anomaly_detected": true}
2026-04-24 23:46:29,554 INFO prediction_event type=shipment_prediction payload={"shipment_id": "14b0d0ff-60f8-f5a5-0632-a0a59612c715", "tracking_number": "SC5053588", "risk_score": 0.98, "predicted_eta": "2026-04-13 04:03", "anomaly_detected": true}
2026-04-24 23:46:29,554 INFO prediction_event type=shipment_prediction payload={"shipment_id": "a96f0553-6777-66ca-88b6-3adc7f6503f0", "tracking_number": "SC5840254", "risk_score": 0.98, "predicted_eta": "2026-03-07 21:51", "anomaly_detected": true}
2026-04-24 23:46:29,554 INFO prediction_event type=shipment_prediction payload={"shipment_id": "ca66d3c3-f39f-d448-e517-591caf309030", "tracking_number": "SC9485585", "risk_score": 0.98, "predicted_eta": "2026-04-13 03:28", "anomaly_detected": true}
2026-04-24 23:46:29,555 INFO prediction_event type=shipment_prediction payload={"shipment_id": "5af2883f-bfad-fa1c-6910-9f5a0d5b3335", "tracking_number": "SC7133330", "risk_score": 0.98, "predicted_eta": "2026-03-29 21:21", "anomaly_detected": true}
2026-04-24 23:46:29,555 INFO prediction_event type=shipment_prediction payload={"shipment_id": "f1da58df-6918-c284-7a0b-c9898032e2f7", "tracking_number": "SC9921835", "risk_score": 0.98, "predicted_eta": "2025-11-26 21:10", "anomaly_detected": true}
2026-04-24 23:46:29,555 INFO prediction_event type=shipment_prediction payload={"shipment_id": "4d5b8284-3ef1-3234-6ad4-91bcd408c6fc", "tracking_number": "SC1753031", "risk_score": 0.98, "predicted_eta": "2026-04-18 18:53", "anomaly_detected": true}
2026-04-24 23:46:29,555 INFO prediction_event type=shipment_prediction payload={"shipment_id": "2eba2b90-99fa-c129-4dc6-9015c2906023", "tracking_number": "SC3966636", "risk_score": 0.98, "predicted_eta": "2026-04-12 21:52", "anomaly_detected": true}
2026-04-24 23:46:29,556 INFO prediction_event type=shipment_prediction payload={"shipment_id": "0ac17516-e0d7-3a21-077f-e9d457594b6d", "tracking_number": "SC3153399", "risk_score": 0.98, "predicted_eta": "2026-04-19 05:37", "anomaly_detected": true}
2026-04-24 23:46:29,556 INFO prediction_event type=shipment_prediction payload={"shipment_id": "4ada2426-6a07-c43e-c8af-3c84d783ce3b", "tracking_number": "SC8691719", "risk_score": 0.98, "predicted_eta": "2026-04-14 03:20", "anomaly_detected": true}
2026-04-24 23:46:29,556 INFO prediction_event type=shipment_prediction payload={"shipment_id": "ac2e118b-a253-9aa7-93d8-87f63e83e0e8", "tracking_number": "SC5819902", "risk_score": 0.98, "predicted_eta": "2026-04-19 16:37", "anomaly_detected": true}
2026-04-24 23:46:29,557 INFO prediction_event type=shipment_prediction payload={"shipment_id": "f19a0e65-71a3-8612-a8a4-e9694c9a6afa", "tracking_number": "SC4036335", "risk_score": 0.98, "predicted_eta": "2026-04-13 05:17", "anomaly_detected": true}
2026-04-24 23:46:29,557 INFO prediction_event type=shipment_prediction payload={"shipment_id": "0af08d64-b84e-1f5d-f881-f6825bac7e48", "tracking_number": "SC3896141", "risk_score": 0.98, "predicted_eta": "2026-04-17 03:40", "anomaly_detected": true}
2026-04-24 23:46:29,557 INFO prediction_event type=shipment_prediction payload={"shipment_id": "88ea56e1-f04b-8ce8-27ee-7f9d9e3a5c5e", "tracking_number": "SC5971886", "risk_score": 0.98, "predicted_eta": "2025-11-11 07:53", "anomaly_detected": true}
2026-04-24 23:46:29,558 INFO prediction_event type=shipment_prediction payload={"shipment_id": "c1221414-e728-d7cd-170a-ced4ae85f12f", "tracking_number": "SC8607573", "risk_score": 0.98, "predicted_eta": "2026-04-14 16:19", "anomaly_detected": true}
2026-04-24 23:46:29,558 INFO prediction_event type=shipment_prediction payload={"shipment_id": "097148ec-0f7b-9bcd-6b59-85b97dacb9c2", "tracking_number": "SC7485163", "risk_score": 0.98, "predicted_eta": "2026-04-15 05:37", "anomaly_detected": true}
2026-04-24 23:46:29,558 INFO prediction_event type=shipment_prediction payload={"shipment_id": "2be6e275-ce2f-40e8-e9dc-47d6e423f101", "tracking_number": "SC8845220", "risk_score": 0.98, "predicted_eta": "2026-04-14 23:32", "anomaly_detected": true}
2026-04-24 23:46:29,558 INFO prediction_event type=shipment_prediction payload={"shipment_id": "bc8fb348-3a1a-a2c8-862d-f414f52a0032", "tracking_number": "SC7850070", "risk_score": 0.98, "predicted_eta": "2026-04-13 01:30", "anomaly_detected": true}
2026-04-24 23:46:29,559 INFO prediction_event type=shipment_prediction payload={"shipment_id": "a0d2b32b-a707-02de-53cf-9f16dd341d1d", "tracking_number": "SC6564924", "risk_score": 0.98, "predicted_eta": "2026-04-12 15:42", "anomaly_detected": true}
2026-04-24 23:46:29,559 INFO prediction_event type=shipment_prediction payload={"shipment_id": "4fda2034-20c3-1ff0-fee2-c668cb0996a9", "tracking_number": "SC2412326", "risk_score": 0.98, "predicted_eta": "2026-03-19 16:13", "anomaly_detected": true}
2026-04-24 23:46:29,559 INFO prediction_event type=shipment_prediction payload={"shipment_id": "c0fc1eea-0e0a-e81f-9bbb-802cbe572948", "tracking_number": "SC6254556", "risk_score": 0.98, "predicted_eta": "2026-04-11 09:52", "anomaly_detected": true}
2026-04-24 23:46:29,560 INFO prediction_event type=shipment_prediction payload={"shipment_id": "3bf0d404-f086-30cd-1d4e-7e7ff1147b7d", "tracking_number": "SC9746705", "risk_score": 0.98, "predicted_eta": "2026-04-08 01:26", "anomaly_detected": true}
2026-04-24 23:46:29,560 INFO prediction_event type=shipment_prediction payload={"shipment_id": "56fae189-280c-1c9a-150a-2e60b5fa7d0c", "tracking_number": "SC3373421", "risk_score": 0.98, "predicted_eta": "2026-01-19 02:42", "anomaly_detected": true}
2026-04-24 23:46:29,560 INFO prediction_event type=shipment_prediction payload={"shipment_id": "d6b7daf0-bef7-e3ff-5a5b-a9ca19f3b42f", "tracking_number": "SC4261142", "risk_score": 0.98, "predicted_eta": "2026-04-13 13:45", "anomaly_detected": true}
2026-04-24 23:46:29,560 INFO prediction_event type=shipment_prediction payload={"shipment_id": "366a8be8-4cae-2a83-c559-2227d76b8525", "tracking_number": "SC7631531", "risk_score": 0.98, "predicted_eta": "2026-04-16 20:01", "anomaly_detected": true}
2026-04-24 23:46:29,561 INFO prediction_event type=shipment_prediction payload={"shipment_id": "6020ee91-12dd-1964-66ea-d103c33ac34b", "tracking_number": "SC6322073", "risk_score": 0.98, "predicted_eta": "2026-04-13 23:30", "anomaly_detected": true}
2026-04-24 23:46:29,561 INFO prediction_event type=shipment_prediction payload={"shipment_id": "73689519-2198-0d36-2155-f3d2bbf9d90e", "tracking_number": "SC7636834", "risk_score": 0.98, "predicted_eta": "2026-04-13 00:53", "anomaly_detected": true}
2026-04-24 23:46:29,561 INFO prediction_event type=shipment_prediction payload={"shipment_id": "48b51345-3e64-59f9-9f4a-a884c0b9a37d", "tracking_number": "SC4459434", "risk_score": 0.98, "predicted_eta": "2026-01-22 23:06", "anomaly_detected": true}
2026-04-24 23:46:29,561 INFO prediction_event type=shipment_prediction payload={"shipment_id": "a0cbfc25-dad6-ca53-86bf-8fee152d3623", "tracking_number": "SC7884485", "risk_score": 0.98, "predicted_eta": "2026-04-15 21:04", "anomaly_detected": true}
2026-04-24 23:46:29,562 INFO prediction_event type=shipment_prediction payload={"shipment_id": "4cb4812a-ea5f-acb4-c47c-1c28e7253fc9", "tracking_number": "SC3424948", "risk_score": 0.98, "predicted_eta": "2026-04-14 19:03", "anomaly_detected": true}
2026-04-24 23:46:29,562 INFO prediction_event type=shipment_prediction payload={"shipment_id": "71a96fad-e604-a646-cc70-0f272b56915e", "tracking_number": "SC7490166", "risk_score": 0.98, "predicted_eta": "2026-02-26 15:58", "anomaly_detected": true}
2026-04-24 23:46:29,562 INFO prediction_event type=shipment_prediction payload={"shipment_id": "dee519ae-9911-22f4-33a2-962508ae2767", "tracking_number": "SC2464342", "risk_score": 0.98, "predicted_eta": "2026-04-15 01:40", "anomaly_detected": true}
2026-04-24 23:46:29,563 INFO prediction_event type=shipment_prediction payload={"shipment_id": "6ff80c76-1876-fe4b-f19a-d122ce0ba881", "tracking_number": "SC2175513", "risk_score": 0.98, "predicted_eta": "2026-04-14 08:40", "anomaly_detected": true}
2026-04-24 23:46:29,563 INFO prediction_event type=shipment_prediction payload={"shipment_id": "e5ea75d2-2679-2dc5-1461-325ff53a8213", "tracking_number": "SC9376830", "risk_score": 0.98, "predicted_eta": "2026-04-15 09:20", "anomaly_detected": true}
2026-04-24 23:46:29,563 INFO prediction_event type=shipment_prediction payload={"shipment_id": "bb586d81-f3f2-0ef7-9a57-831f3c18056c", "tracking_number": "SC4933529", "risk_score": 0.98, "predicted_eta": "2026-04-13 02:10", "anomaly_detected": true}
2026-04-24 23:46:29,563 INFO prediction_event type=shipment_prediction payload={"shipment_id": "14dd4bf4-8d9c-9dc6-7e16-0159f3db081b", "tracking_number": "SC9240881", "risk_score": 0.98, "predicted_eta": "2026-02-15 11:25", "anomaly_detected": true}
2026-04-24 23:46:29,563 INFO prediction_event type=shipment_prediction payload={"shipment_id": "71573233-7bc2-fd07-7ab4-bd383752db1d", "tracking_number": "SC7308431", "risk_score": 0.98, "predicted_eta": "2026-04-13 23:12", "anomaly_detected": true}
2026-04-24 23:46:29,564 INFO prediction_event type=shipment_prediction payload={"shipment_id": "502989ef-ac0c-c3a2-32d3-8dc7973e7683", "tracking_number": "SC8748280", "risk_score": 0.98, "predicted_eta": "2026-03-18 08:50", "anomaly_detected": true}
2026-04-24 23:46:29,564 INFO prediction_event type=shipment_prediction payload={"shipment_id": "a9a298f8-e3c6-d652-998c-a8d27afed8cb", "tracking_number": "SC7903070", "risk_score": 0.98, "predicted_eta": "2026-02-04 21:27", "anomaly_detected": true}
2026-04-24 23:46:29,564 INFO prediction_event type=shipment_prediction payload={"shipment_id": "032725e0-de05-2f27-0d55-d26093580562", "tracking_number": "SC1103026", "risk_score": 0.98, "predicted_eta": "2026-04-14 18:00", "anomaly_detected": true}
2026-04-24 23:46:29,564 INFO prediction_event type=shipment_prediction payload={"shipment_id": "f3fc98c6-4a16-e763-972a-2202eede7d9a", "tracking_number": "SC6872120", "risk_score": 0.98, "predicted_eta": "2026-04-12 05:42", "anomaly_detected": true}
2026-04-24 23:46:29,565 INFO prediction_event type=shipment_prediction payload={"shipment_id": "efa4e6dd-118d-768c-b448-14687a8cb853", "tracking_number": "SC3433187", "risk_score": 0.98, "predicted_eta": "2026-04-16 17:04", "anomaly_detected": true}
2026-04-24 23:46:29,565 INFO prediction_event type=shipment_prediction payload={"shipment_id": "b40b4f61-7e9f-f5ca-7c8a-ad6a8eb90caf", "tracking_number": "SC1333066", "risk_score": 0.98, "predicted_eta": "2026-04-15 04:26", "anomaly_detected": true}
2026-04-24 23:46:29,565 INFO prediction_event type=shipment_prediction payload={"shipment_id": "cbbf2b51-8bbc-065e-fc56-4c492116f3d5", "tracking_number": "SC8872537", "risk_score": 0.98, "predicted_eta": "2026-04-02 00:44", "anomaly_detected": true}
2026-04-24 23:46:29,565 INFO prediction_event type=shipment_prediction payload={"shipment_id": "62d4e621-1b6b-150d-cb11-979d8b7952c1", "tracking_number": "SC6112774", "risk_score": 0.98, "predicted_eta": "2026-04-16 18:25", "anomaly_detected": true}
2026-04-24 23:46:29,566 INFO prediction_event type=shipment_prediction payload={"shipment_id": "f2154072-da52-0c98-7d9f-75a159402358", "tracking_number": "SC9725427", "risk_score": 0.98, "predicted_eta": "2025-12-29 13:54", "anomaly_detected": true}
2026-04-24 23:46:29,566 INFO prediction_event type=shipment_prediction payload={"shipment_id": "786d27b9-5940-26d8-d832-7740f7896a57", "tracking_number": "SC8908002", "risk_score": 0.98, "predicted_eta": "2026-04-14 21:13", "anomaly_detected": true}
2026-04-24 23:46:29,566 INFO prediction_event type=shipment_prediction payload={"shipment_id": "fd2b87fd-2382-cb4a-28a5-a7e5f7932e2c", "tracking_number": "SC3997383", "risk_score": 0.98, "predicted_eta": "2026-04-17 02:15", "anomaly_detected": true}
2026-04-24 23:46:29,566 INFO prediction_event type=shipment_prediction payload={"shipment_id": "08d0c945-0c43-aa62-74c2-891ad61148c5", "tracking_number": "SC4600625", "risk_score": 0.98, "predicted_eta": "2026-04-13 14:13", "anomaly_detected": true}
2026-04-24 23:46:29,567 INFO prediction_event type=shipment_prediction payload={"shipment_id": "35527903-4ea6-4d26-cae9-6b1a86424c0c", "tracking_number": "SC1684740", "risk_score": 0.98, "predicted_eta": "2026-04-12 21:42", "anomaly_detected": true}
2026-04-24 23:46:29,567 INFO prediction_event type=shipment_prediction payload={"shipment_id": "3d936d94-9d72-5bea-d0d7-42470e3bc02c", "tracking_number": "SC5706361", "risk_score": 0.98, "predicted_eta": "2026-04-17 17:30", "anomaly_detected": true}
2026-04-24 23:46:29,567 INFO prediction_event type=shipment_prediction payload={"shipment_id": "30134e4f-47a6-2b9b-e603-f4cef70faac3", "tracking_number": "SC2931685", "risk_score": 0.98, "predicted_eta": "2026-01-16 23:49", "anomaly_detected": true}
2026-04-24 23:46:29,567 INFO prediction_event type=shipment_prediction payload={"shipment_id": "651b3e65-27e4-d31f-26c9-fac4cdfe6f20", "tracking_number": "SC9150422", "risk_score": 0.98, "predicted_eta": "2026-04-13 05:15", "anomaly_detected": true}
2026-04-24 23:46:29,568 INFO prediction_event type=shipment_prediction payload={"shipment_id": "58053ef0-eb27-41d8-2888-beb41778e611", "tracking_number": "SC2854579", "risk_score": 0.98, "predicted_eta": "2026-04-17 00:04", "anomaly_detected": true}
2026-04-24 23:46:33,627 INFO prediction_event type=shipment_prediction payload={"shipment_id": "535c5b65-a9c8-f7bd-919f-d318ec14715a", "tracking_number": "SC1282328", "risk_score": 0.98, "predicted_eta": "2026-01-19 22:25", "anomaly_detected": true}
2026-04-24 23:46:33,629 INFO prediction_event type=shipment_prediction payload={"shipment_id": "8a376f0d-3f78-e072-0528-6cad8fd7080e", "tracking_number": "SC2370588", "risk_score": 0.8695, "predicted_eta": "2026-04-13 06:43", "anomaly_detected": true}
2026-04-24 23:46:39,859 INFO prediction_event type=shipment_prediction payload={"shipment_id": "0bd5ea1a-eedf-5668-714e-518b122a0605", "tracking_number": "SC8123578", "risk_score": 0.98, "predicted_eta": "2026-04-12 21:34", "anomaly_detected": true}
2026-04-24 23:46:46,108 INFO prediction_event type=shipment_prediction payload={"shipment_id": "a738c9f3-4d3c-dbfc-a835-45bfbe4cbdd3", "tracking_number": "SC8507324", "risk_score": 0.98, "predicted_eta": "2026-04-13 02:14", "anomaly_detected": true}
2026-04-24 23:46:46,110 INFO prediction_event type=shipment_prediction payload={"shipment_id": "cf795608-6aca-22e1-e193-ae1bf97edff8", "tracking_number": "SC1780946", "risk_score": 0.98, "predicted_eta": "2026-04-18 08:50", "anomaly_detected": true}
2026-04-24 23:46:52,377 INFO prediction_event type=shipment_prediction payload={"shipment_id": "8a376f0d-3f78-e072-0528-6cad8fd7080e", "tracking_number": "SC2370588", "risk_score": 0.8695, "predicted_eta": "2026-04-13 06:43", "anomaly_detected": true}
2026-04-24 23:46:52,391 INFO prediction_event type=shipment_prediction payload={"shipment_id": "ce8ce65c-defd-c0c3-3a4c-566605e83b01", "tracking_number": "SC2424618", "risk_score": 0.98, "predicted_eta": "2026-04-13 01:36", "anomaly_detected": true}
2026-04-24 23:47:05,172 INFO prediction_event type=shipment_prediction payload={"shipment_id": "f91c8a3e-444d-afef-30e1-d790492f7da8", "tracking_number": "SC6642481", "risk_score": 0.98, "predicted_eta": "2026-04-16 09:41", "anomaly_detected": true}
2026-04-24 23:47:11,315 INFO request path=/api/weather/route-advisories method=GET status=200 duration_ms=23.73
2026-04-24 23:47:11,316 INFO request path=/api/weather method=GET status=200 duration_ms=3.84
2026-04-24 23:47:11,316 INFO request path=/api/shipments/stats method=GET status=200 duration_ms=27.40
2026-04-24 23:47:11,385 INFO request path=/api/shipments method=GET status=200 duration_ms=97.44
2026-04-24 23:47:11,386 INFO request path=/api/alerts method=GET status=200 duration_ms=95.83
2026-04-24 23:47:11,387 INFO request path=/api/analytics/kpis method=GET status=200 duration_ms=73.54
2026-04-24 23:47:11,434 INFO request path=/api/analytics/monthly-trends method=GET status=200 duration_ms=44.34
2026-04-24 23:47:11,434 INFO request path=/api/analytics/carrier-performance method=GET status=200 duration_ms=45.40
2026-04-24 23:47:11,435 INFO request path=/api/analytics/ai-insights method=GET status=200 duration_ms=3.26
2026-04-24 23:47:11,435 INFO request path=/api/routes/cities method=GET status=200 duration_ms=3.49
2026-04-24 23:47:11,435 INFO request path=/api/analytics/region-disruptions method=GET status=200 duration_ms=45.52
2026-04-24 23:47:11,594 INFO prediction_event type=shipment_prediction payload={"shipment_id": "7d135822-5d35-0581-ffa4-b24a2063dcf4", "tracking_number": "SC9343028", "risk_score": 0.98, "predicted_eta": "2026-04-23 04:00", "anomaly_detected": true}
2026-04-24 23:47:17,874 INFO prediction_event type=shipment_prediction payload={"shipment_id": "56fae189-280c-1c9a-150a-2e60b5fa7d0c", "tracking_number": "SC3373421", "risk_score": 0.98, "predicted_eta": "2026-01-19 02:42", "anomaly_detected": true}
2026-04-24 23:47:24,067 INFO prediction_event type=shipment_prediction payload={"shipment_id": "3e59202c-f3c9-ce6e-51d4-1ad73a9f78a7", "tracking_number": "SC4489054", "risk_score": 0.8134, "predicted_eta": "2026-04-17 03:46", "anomaly_detected": false}
2026-04-24 23:47:24,068 INFO prediction_event type=shipment_prediction payload={"shipment_id": "c2ea25b4-efa8-dcf6-4d9f-861e86eb5947", "tracking_number": "SC9669979", "risk_score": 0.98, "predicted_eta": "2026-04-13 13:39", "anomaly_detected": true}
2026-04-24 23:47:30,275 INFO prediction_event type=shipment_prediction payload={"shipment_id": "3d8f8a80-416f-d034-2a66-82f92defabbb", "tracking_number": "SC8312197", "risk_score": 0.98, "predicted_eta": "2026-04-13 08:09", "anomaly_detected": true}
2026-04-24 23:47:30,276 INFO prediction_event type=shipment_prediction payload={"shipment_id": "2a6277de-5cf7-77db-6ee2-111ee615136f", "tracking_number": "SC9062864", "risk_score": 0.98, "predicted_eta": "2026-03-26 01:33", "anomaly_detected": true}
2026-04-24 23:47:42,749 INFO prediction_event type=shipment_prediction payload={"shipment_id": "a0d2b32b-a707-02de-53cf-9f16dd341d1d", "tracking_number": "SC6564924", "risk_score": 0.98, "predicted_eta": "2026-04-12 15:42", "anomaly_detected": true}
2026-04-24 23:47:42,750 INFO prediction_event type=shipment_prediction payload={"shipment_id": "4701ae93-6db8-e655-7e08-1b6108c51772", "tracking_number": "SC6763190", "risk_score": 0.98, "predicted_eta": "2026-04-15 22:34", "anomaly_detected": true}
2026-04-24 23:47:49,006 INFO prediction_event type=shipment_prediction payload={"shipment_id": "88ea56e1-f04b-8ce8-27ee-7f9d9e3a5c5e", "tracking_number": "SC5971886", "risk_score": 0.98, "predicted_eta": "2025-11-11 07:53", "anomaly_detected": true}
2026-04-24 23:47:49,010 INFO prediction_event type=shipment_prediction payload={"shipment_id": "f869ae9c-5ce0-c4c0-f0c2-f8c373b90542", "tracking_number": "SC3681485", "risk_score": 0.9404, "predicted_eta": "2026-04-13 12:09", "anomaly_detected": true}
2026-04-24 23:47:55,289 INFO prediction_event type=shipment_prediction payload={"shipment_id": "4f1a1643-2f9d-cd4a-71b0-ae99a1bcae59", "tracking_number": "SC5305582", "risk_score": 0.9263, "predicted_eta": "2025-12-07 22:11", "anomaly_detected": true}
2026-04-24 23:47:55,292 INFO prediction_event type=shipment_prediction payload={"shipment_id": "30b1fc87-1db5-efc7-2962-3cda4415e215", "tracking_number": "SC2207013", "risk_score": 0.98, "predicted_eta": "2026-04-13 21:43", "anomaly_detected": true}
2026-04-24 23:48:01,571 INFO prediction_event type=shipment_prediction payload={"shipment_id": "a0cbfc25-dad6-ca53-86bf-8fee152d3623", "tracking_number": "SC7884485", "risk_score": 0.98, "predicted_eta": "2026-04-15 21:04", "anomaly_detected": true}
2026-04-24 23:48:11,306 INFO request path=/api/weather/route-advisories method=GET status=200 duration_ms=19.14
2026-04-24 23:48:11,307 INFO request path=/api/weather method=GET status=200 duration_ms=3.10
2026-04-24 23:48:11,308 INFO request path=/api/shipments/stats method=GET status=200 duration_ms=23.58
2026-04-24 23:48:11,375 INFO request path=/api/shipments method=GET status=200 duration_ms=91.52
2026-04-24 23:48:11,376 INFO request path=/api/alerts method=GET status=200 duration_ms=90.27
2026-04-24 23:48:11,378 INFO request path=/api/analytics/kpis method=GET status=200 duration_ms=72.21
2026-04-24 23:48:11,418 INFO request path=/api/analytics/monthly-trends method=GET status=200 duration_ms=38.59
2026-04-24 23:48:11,418 INFO request path=/api/analytics/carrier-performance method=GET status=200 duration_ms=39.62
2026-04-24 23:48:11,418 INFO request path=/api/analytics/region-disruptions method=GET status=200 duration_ms=38.81
2026-04-24 23:48:11,419 INFO request path=/api/analytics/ai-insights method=GET status=200 duration_ms=5.28
2026-04-24 23:48:11,419 INFO request path=/api/routes/cities method=GET status=200 duration_ms=5.34
2026-04-24 23:48:14,058 INFO prediction_event type=shipment_prediction payload={"shipment_id": "5a69d681-63f7-585c-d298-74d8b9a884f5", "tracking_number": "SC7778975", "risk_score": 0.98, "predicted_eta": "2026-04-18 06:14", "anomaly_detected": true}
2026-04-24 23:48:20,375 INFO prediction_event type=shipment_prediction payload={"shipment_id": "e67c67e5-7052-03bf-4848-510868f4f438", "tracking_number": "SC4608168", "risk_score": 0.98, "predicted_eta": "2026-04-16 10:37", "anomaly_detected": true}
2026-04-24 23:48:26,500 INFO prediction_event type=shipment_prediction payload={"shipment_id": "3365f5fe-4a0c-8984-cca7-a2b1f2c86d2f", "tracking_number": "SC2799273", "risk_score": 0.98, "predicted_eta": "2026-04-18 20:45", "anomaly_detected": true}
2026-04-24 23:48:32,699 INFO prediction_event type=shipment_prediction payload={"shipment_id": "ac2e118b-a253-9aa7-93d8-87f63e83e0e8", "tracking_number": "SC5819902", "risk_score": 0.98, "predicted_eta": "2026-04-19 16:37", "anomaly_detected": true}
2026-04-24 23:48:39,068 INFO prediction_event type=shipment_prediction payload={"shipment_id": "60784a67-274c-1666-9d1b-b7d4d6ea8604", "tracking_number": "SC7545004", "risk_score": 0.98, "predicted_eta": "2026-04-15 18:11", "anomaly_detected": true}
2026-04-24 23:48:39,089 INFO prediction_event type=shipment_prediction payload={"shipment_id": "4281f290-6b8a-005e-ade7-ebd25abe712e", "tracking_number": "SC6844805", "risk_score": 0.98, "predicted_eta": "2026-04-13 11:21", "anomaly_detected": true}
2026-04-24 23:48:45,424 INFO prediction_event type=shipment_prediction payload={"shipment_id": "29270899-3a53-3e16-18bb-0076d0fcfe5b", "tracking_number": "SC7234191", "risk_score": 0.98, "predicted_eta": "2026-03-13 21:13", "anomaly_detected": true}
2026-04-24 23:48:51,657 INFO prediction_event type=shipment_prediction payload={"shipment_id": "f5a6079b-2224-5c0a-e6be-6f08b9bee7dc", "tracking_number": "SC7753348", "risk_score": 0.98, "predicted_eta": "2026-04-16 00:24", "anomaly_detected": true}
2026-04-24 23:49:04,148 INFO prediction_event type=shipment_prediction payload={"shipment_id": "88a80dac-5292-d896-186e-68fbed2d9a69", "tracking_number": "SC2296906", "risk_score": 0.98, "predicted_eta": "2026-04-25 19:03", "anomaly_detected": true}
2026-04-24 23:49:04,151 INFO prediction_event type=shipment_prediction payload={"shipment_id": "56fae189-280c-1c9a-150a-2e60b5fa7d0c", "tracking_number": "SC3373421", "risk_score": 0.98, "predicted_eta": "2026-01-19 02:42", "anomaly_detected": true}
2026-04-24 23:49:10,473 INFO prediction_event type=shipment_prediction payload={"shipment_id": "2dac41d1-fce1-89ad-09fd-24c37554f8a5", "tracking_number": "SC7856341", "risk_score": 0.98, "predicted_eta": "2025-12-27 15:00", "anomaly_detected": true}
2026-04-24 23:49:10,487 INFO prediction_event type=shipment_prediction payload={"shipment_id": "1c241b9a-47f5-c2f8-735c-be436acda00a", "tracking_number": "SC3979779", "risk_score": 0.9167, "predicted_eta": "2026-04-15 06:06", "anomaly_detected": true}
2026-04-24 23:49:11,797 INFO request path=/api/weather/route-advisories method=GET status=200 duration_ms=8.58
2026-04-24 23:49:11,798 INFO request path=/api/weather method=GET status=200 duration_ms=2.66
2026-04-24 23:49:11,798 INFO request path=/api/shipments/stats method=GET status=200 duration_ms=10.16
2026-04-24 23:49:11,857 INFO request path=/api/shipments method=GET status=200 duration_ms=69.79
2026-04-24 23:49:11,858 INFO request path=/api/alerts method=GET status=200 duration_ms=69.60
2026-04-24 23:49:11,860 INFO request path=/api/analytics/kpis method=GET status=200 duration_ms=64.01
2026-04-24 23:49:11,919 INFO request path=/api/routes/cities method=GET status=200 duration_ms=12.64
2026-04-24 23:49:11,920 INFO request path=/api/analytics/ai-insights method=GET status=200 duration_ms=4.78
2026-04-24 23:49:11,920 INFO request path=/api/analytics/carrier-performance method=GET status=200 duration_ms=57.67
2026-04-24 23:49:11,920 INFO request path=/api/analytics/region-disruptions method=GET status=200 duration_ms=54.72
2026-04-24 23:49:11,920 INFO request path=/api/analytics/monthly-trends method=GET status=200 duration_ms=56.28
2026-04-24 23:49:16,790 INFO prediction_event type=shipment_prediction payload={"shipment_id": "9d2eadf3-416a-777d-4053-351c7acd45e2", "tracking_number": "SC9346410", "risk_score": 0.8576, "predicted_eta": "2026-04-23 00:56", "anomaly_detected": true}
2026-04-24 23:49:16,793 INFO prediction_event type=shipment_prediction payload={"shipment_id": "355171f0-3220-a4b8-b9fa-f996ce43a309", "tracking_number": "SC3562160", "risk_score": 0.98, "predicted_eta": "2026-01-02 08:45", "anomaly_detected": true}
2026-04-24 23:49:23,035 INFO prediction_event type=shipment_prediction payload={"shipment_id": "dee519ae-9911-22f4-33a2-962508ae2767", "tracking_number": "SC2464342", "risk_score": 0.98, "predicted_eta": "2026-04-15 01:40", "anomaly_detected": true}
2026-04-24 23:49:23,038 INFO prediction_event type=shipment_prediction payload={"shipment_id": "3dc7907a-b80b-9e78-6c0e-0ab0252164fd", "tracking_number": "SC9470804", "risk_score": 0.9193, "predicted_eta": "2026-04-12 23:03", "anomaly_detected": true}
2026-04-24 23:49:29,317 INFO prediction_event type=shipment_prediction payload={"shipment_id": "3e59202c-f3c9-ce6e-51d4-1ad73a9f78a7", "tracking_number": "SC4489054", "risk_score": 0.8161, "predicted_eta": "2026-04-17 03:46", "anomaly_detected": false}
2026-04-24 23:49:29,318 INFO prediction_event type=shipment_prediction payload={"shipment_id": "6acc6eef-c94a-72fd-c3b0-d00ed844c24d", "tracking_number": "SC9467863", "risk_score": 0.98, "predicted_eta": "2026-04-15 21:08", "anomaly_detected": true}
2026-04-24 23:49:35,537 INFO prediction_event type=shipment_prediction payload={"shipment_id": "30bdfc2c-6fb7-fe7e-8e6d-3b0f6c2b1f4a", "tracking_number": "SC4012267", "risk_score": 0.98, "predicted_eta": "2026-04-19 21:54", "anomaly_detected": true}
2026-04-24 23:49:35,538 INFO prediction_event type=shipment_prediction payload={"shipment_id": "50290c56-bb6b-a5a5-d538-f3f08605b01f", "tracking_number": "SC4529213", "risk_score": 0.98, "predicted_eta": "2026-04-26 09:37", "anomaly_detected": true}
2026-04-24 23:49:41,955 INFO prediction_event type=shipment_prediction payload={"shipment_id": "38b97695-3bcb-62a2-93d2-756ae92a4b62", "tracking_number": "SC7923646", "risk_score": 0.8728, "predicted_eta": "2026-04-12 13:56", "anomaly_detected": true}
2026-04-24 23:49:41,956 INFO prediction_event type=shipment_prediction payload={"shipment_id": "d9b9205f-bb27-6ac5-13ff-a285c970e809", "tracking_number": "SC1599184", "risk_score": 0.98, "predicted_eta": "2026-04-13 00:17", "anomaly_detected": true}
2026-04-24 23:49:48,225 INFO prediction_event type=shipment_prediction payload={"shipment_id": "5a69d681-63f7-585c-d298-74d8b9a884f5", "tracking_number": "SC7778975", "risk_score": 0.98, "predicted_eta": "2026-04-18 06:14", "anomaly_detected": true}
2026-04-24 23:49:48,229 INFO prediction_event type=shipment_prediction payload={"shipment_id": "f19a0e65-71a3-8612-a8a4-e9694c9a6afa", "tracking_number": "SC4036335", "risk_score": 0.98, "predicted_eta": "2026-04-13 05:19", "anomaly_detected": true}
2026-04-24 23:50:00,764 INFO prediction_event type=shipment_prediction payload={"shipment_id": "16ef15c7-41c9-d863-f05e-73209e3f6463", "tracking_number": "SC8514626", "risk_score": 0.98, "predicted_eta": "2025-10-15 04:50", "anomaly_detected": true}
2026-04-24 23:50:07,111 INFO prediction_event type=shipment_prediction payload={"shipment_id": "b8ac0cc7-edfa-bbfb-a323-4ad9e717ae1b", "tracking_number": "SC1884158", "risk_score": 0.98, "predicted_eta": "2026-04-12 21:34", "anomaly_detected": true}
2026-04-24 23:50:07,112 INFO prediction_event type=shipment_prediction payload={"shipment_id": "2cb1574b-7b89-a09b-37f1-ed9d6dfa576b", "tracking_number": "SC9636714", "risk_score": 0.98, "predicted_eta": "2026-02-04 02:10", "anomaly_detected": true}
2026-04-24 23:50:07,114 INFO prediction_event type=shipment_prediction payload={"shipment_id": "32c54270-3ebc-1b07-d208-aaf62b445bea", "tracking_number": "SC1174044", "risk_score": 0.9685, "predicted_eta": "2026-04-14 13:40", "anomaly_detected": true}
2026-04-24 23:50:11,307 INFO request path=/api/weather/route-advisories method=GET status=200 duration_ms=19.79
2026-04-24 23:50:11,308 INFO request path=/api/weather method=GET status=200 duration_ms=5.98
2026-04-24 23:50:11,308 INFO request path=/api/shipments/stats method=GET status=200 duration_ms=22.08
2026-04-24 23:50:11,376 INFO request path=/api/shipments method=GET status=200 duration_ms=90.94
2026-04-24 23:50:11,377 INFO request path=/api/alerts method=GET status=200 duration_ms=90.41
2026-04-24 23:50:11,379 INFO request path=/api/analytics/kpis method=GET status=200 duration_ms=71.51
2026-04-24 23:50:11,427 INFO request path=/api/analytics/carrier-performance method=GET status=200 duration_ms=44.93
2026-04-24 23:50:11,428 INFO request path=/api/routes/cities method=GET status=200 duration_ms=15.03
2026-04-24 23:50:11,428 INFO request path=/api/analytics/ai-insights method=GET status=200 duration_ms=7.91
2026-04-24 23:50:11,428 INFO request path=/api/analytics/region-disruptions method=GET status=200 duration_ms=43.17
2026-04-24 23:50:11,429 INFO request path=/api/analytics/monthly-trends method=GET status=200 duration_ms=44.87
2026-04-24 23:50:13,485 INFO prediction_event type=shipment_prediction payload={"shipment_id": "d22f6ccd-50dd-293f-3b72-dc9c92055f17", "tracking_number": "SC9886933", "risk_score": 0.98, "predicted_eta": "2026-04-14 05:19", "anomaly_detected": true}
2026-04-24 23:50:13,485 INFO prediction_event type=shipment_prediction payload={"shipment_id": "06e58748-d3d5-4008-aee2-75451636159a", "tracking_number": "SC8717090", "risk_score": 0.9357, "predicted_eta": "2026-04-13 09:55", "anomaly_detected": true}
2026-04-24 23:50:19,800 INFO prediction_event type=shipment_prediction payload={"shipment_id": "8697c97e-ac6f-47eb-03af-3328cdce56f5", "tracking_number": "SC7787015", "risk_score": 0.7776, "predicted_eta": "2026-04-13 12:59", "anomaly_detected": false}
2026-04-24 23:50:19,801 INFO prediction_event type=shipment_prediction payload={"shipment_id": "ad92ed40-4146-3063-267b-7cdf6c0cc008", "tracking_number": "SC7428419", "risk_score": 0.98, "predicted_eta": "2026-04-13 03:38", "anomaly_detected": true}
2026-04-24 23:50:26,068 INFO prediction_event type=shipment_prediction payload={"shipment_id": "0af08d64-b84e-1f5d-f881-f6825bac7e48", "tracking_number": "SC3896141", "risk_score": 0.98, "predicted_eta": "2026-04-17 03:41", "anomaly_detected": true}
2026-04-24 23:50:38,655 INFO prediction_event type=shipment_prediction payload={"shipment_id": "d64886f0-86c7-7927-d747-4f306b5f9415", "tracking_number": "SC5851623", "risk_score": 0.98, "predicted_eta": "2026-04-25 11:19", "anomaly_detected": true}
2026-04-24 23:50:51,236 INFO prediction_event type=shipment_prediction payload={"shipment_id": "2be6e275-ce2f-40e8-e9dc-47d6e423f101", "tracking_number": "SC8845220", "risk_score": 0.98, "predicted_eta": "2026-04-14 23:32", "anomaly_detected": true}
2026-04-24 23:50:57,463 INFO prediction_event type=shipment_prediction payload={"shipment_id": "5af2883f-bfad-fa1c-6910-9f5a0d5b3335", "tracking_number": "SC7133330", "risk_score": 0.98, "predicted_eta": "2026-03-29 21:21", "anomaly_detected": true}
2026-04-24 23:51:03,646 INFO prediction_event type=shipment_prediction payload={"shipment_id": "2a998fc2-fca9-c014-5cfa-209bbe5a4b65", "tracking_number": "SC1419315", "risk_score": 0.98, "predicted_eta": "2026-04-12 03:34", "anomaly_detected": true}
2026-04-24 23:51:11,360 INFO request path=/api/weather/route-advisories method=GET status=200 duration_ms=8.74
2026-04-24 23:51:11,361 INFO request path=/api/weather method=GET status=200 duration_ms=2.78
2026-04-24 23:51:11,361 INFO request path=/api/shipments/stats method=GET status=200 duration_ms=10.33
2026-04-24 23:51:11,417 INFO request path=/api/shipments method=GET status=200 duration_ms=66.99
2026-04-24 23:51:11,418 INFO request path=/api/alerts method=GET status=200 duration_ms=67.08
2026-04-24 23:51:11,419 INFO request path=/api/analytics/kpis method=GET status=200 duration_ms=60.46
2026-04-24 23:51:11,463 INFO request path=/api/analytics/carrier-performance method=GET status=200 duration_ms=42.37
2026-04-24 23:51:11,465 INFO request path=/api/analytics/monthly-trends method=GET status=200 duration_ms=43.81
2026-04-24 23:51:11,465 INFO request path=/api/analytics/region-disruptions method=GET status=200 duration_ms=43.62
2026-04-24 23:51:11,466 INFO request path=/api/routes/cities method=GET status=200 duration_ms=3.37
2026-04-24 23:51:11,466 INFO request path=/api/analytics/ai-insights method=GET status=200 duration_ms=3.57
2026-04-24 23:51:16,355 INFO prediction_event type=shipment_prediction payload={"shipment_id": "c6d20ca4-dfeb-024f-fa6d-4ae6d6901079", "tracking_number": "SC4903782", "risk_score": 0.98, "predicted_eta": "2026-04-13 05:20", "anomaly_detected": true}
2026-04-24 23:51:16,359 INFO prediction_event type=shipment_prediction payload={"shipment_id": "2f4a805e-ef26-ddf4-24f6-14159b802cda", "tracking_number": "SC8383812", "risk_score": 0.8562, "predicted_eta": "2026-04-17 18:58", "anomaly_detected": true}
2026-04-24 23:51:28,954 INFO prediction_event type=shipment_prediction payload={"shipment_id": "08d0c945-0c43-aa62-74c2-891ad61148c5", "tracking_number": "SC4600625", "risk_score": 0.98, "predicted_eta": "2026-04-13 14:13", "anomaly_detected": true}
2026-04-24 23:51:41,490 INFO prediction_event type=shipment_prediction payload={"shipment_id": "6ddafb38-1ff1-2fe8-c9f4-a22e708f5175", "tracking_number": "SC8588028", "risk_score": 0.9742, "predicted_eta": "2026-04-19 05:39", "anomaly_detected": true}
2026-04-24 23:51:47,738 INFO prediction_event type=shipment_prediction payload={"shipment_id": "c45b54d5-2157-6051-bafe-56cdfd1a5336", "tracking_number": "SC9688110", "risk_score": 0.966, "predicted_eta": "2026-04-13 05:37", "anomaly_detected": true}
2026-04-24 23:51:47,741 INFO prediction_event type=shipment_prediction payload={"shipment_id": "8e3c45c3-ba47-cef7-9cf4-447e1bd75f75", "tracking_number": "SC5868907", "risk_score": 0.98, "predicted_eta": "2026-04-13 17:21", "anomaly_detected": true}
2026-04-24 23:51:53,998 INFO prediction_event type=shipment_prediction payload={"shipment_id": "d4d8fc4c-face-4e0a-4115-1b24d8b66f54", "tracking_number": "SC6640657", "risk_score": 0.9423, "predicted_eta": "2026-04-13 01:29", "anomaly_detected": true}
2026-04-24 23:52:00,322 INFO prediction_event type=shipment_prediction payload={"shipment_id": "dee519ae-9911-22f4-33a2-962508ae2767", "tracking_number": "SC2464342", "risk_score": 0.98, "predicted_eta": "2026-04-15 01:41", "anomaly_detected": true}
2026-04-24 23:52:00,330 INFO prediction_event type=shipment_prediction payload={"shipment_id": "a345e9e0-0aef-0828-9948-a9064ea88c35", "tracking_number": "SC4630924", "risk_score": 0.98, "predicted_eta": "2026-04-18 22:13", "anomaly_detected": true}
2026-04-24 23:52:06,743 INFO prediction_event type=shipment_prediction payload={"shipment_id": "e67c67e5-7052-03bf-4848-510868f4f438", "tracking_number": "SC4608168", "risk_score": 0.98, "predicted_eta": "2026-04-16 10:37", "anomaly_detected": true}
2026-04-24 23:52:11,319 INFO request path=/api/weather/route-advisories method=GET status=200 duration_ms=11.93
2026-04-24 23:52:11,320 INFO request path=/api/weather method=GET status=200 duration_ms=4.22
2026-04-24 23:52:11,320 INFO request path=/api/shipments/stats method=GET status=200 duration_ms=13.62
2026-04-24 23:52:11,390 INFO request path=/api/shipments method=GET status=200 duration_ms=84.35
2026-04-24 23:52:11,391 INFO request path=/api/alerts method=GET status=200 duration_ms=84.42
2026-04-24 23:52:11,392 INFO request path=/api/analytics/kpis method=GET status=200 duration_ms=72.75
2026-04-24 23:52:11,449 INFO request path=/api/analytics/region-disruptions method=GET status=200 duration_ms=53.87
2026-04-24 23:52:11,449 INFO request path=/api/analytics/carrier-performance method=GET status=200 duration_ms=54.48
2026-04-24 23:52:11,449 INFO request path=/api/analytics/monthly-trends method=GET status=200 duration_ms=54.37
2026-04-24 23:52:11,450 INFO request path=/api/analytics/ai-insights method=GET status=200 duration_ms=3.26
2026-04-24 23:52:11,450 INFO request path=/api/routes/cities method=GET status=200 duration_ms=3.31
2026-04-24 23:52:13,051 INFO prediction_event type=shipment_prediction payload={"shipment_id": "24275d6e-230e-20df-6af1-d60c4d7401ec", "tracking_number": "SC4121719", "risk_score": 0.9335, "predicted_eta": "2026-04-16 06:55", "anomaly_detected": true}
2026-04-24 23:52:19,260 INFO prediction_event type=shipment_prediction payload={"shipment_id": "6dc7a4df-9ca5-b26a-e679-6355f126a83d", "tracking_number": "SC4180265", "risk_score": 0.98, "predicted_eta": "2025-10-14 07:52", "anomaly_detected": true}
2026-04-24 23:52:25,573 INFO prediction_event type=shipment_prediction payload={"shipment_id": "ed17a4e6-61f6-1749-e3b2-79b5a72db854", "tracking_number": "SC4383985", "risk_score": 0.9278, "predicted_eta": "2026-04-12 23:58", "anomaly_detected": true}
2026-04-24 23:52:25,582 INFO prediction_event type=shipment_prediction payload={"shipment_id": "f2154072-da52-0c98-7d9f-75a159402358", "tracking_number": "SC9725427", "risk_score": 0.98, "predicted_eta": "2025-12-29 13:54", "anomaly_detected": true}
2026-04-24 23:52:31,836 INFO prediction_event type=shipment_prediction payload={"shipment_id": "1c6bdf9d-620a-a911-6b50-593e709f2390", "tracking_number": "SC5617805", "risk_score": 0.98, "predicted_eta": "2026-04-19 14:31", "anomaly_detected": true}
2026-04-24 23:52:38,166 INFO prediction_event type=shipment_prediction payload={"shipment_id": "ec947b5d-e712-64b7-d820-8b39e8adf20c", "tracking_number": "SC3742195", "risk_score": 0.98, "predicted_eta": "2026-04-13 09:43", "anomaly_detected": true}
2026-04-24 23:52:38,168 INFO prediction_event type=shipment_prediction payload={"shipment_id": "e82022d7-40ec-eb73-ad86-0957008d2691", "tracking_number": "SC2590445", "risk_score": 0.98, "predicted_eta": "2026-04-26 18:18", "anomaly_detected": true}
2026-04-24 23:52:38,170 INFO prediction_event type=shipment_prediction payload={"shipment_id": "be9b05da-68b9-f11a-6bd1-b85713ccb49f", "tracking_number": "SC1351779", "risk_score": 0.98, "predicted_eta": "2025-12-22 23:14", "anomaly_detected": true}
2026-04-24 23:52:44,447 INFO prediction_event type=shipment_prediction payload={"shipment_id": "d1a42061-e004-0926-d1b5-f3a5b7e31914", "tracking_number": "SC5988559", "risk_score": 0.98, "predicted_eta": "2026-04-18 04:34", "anomaly_detected": true}
2026-04-24 23:52:57,175 INFO prediction_event type=shipment_prediction payload={"shipment_id": "0cee9ac0-54ec-385b-8be7-c49b9507c5a9", "tracking_number": "SC6066316", "risk_score": 0.98, "predicted_eta": "2026-04-13 14:02", "anomaly_detected": true}
2026-04-24 23:53:03,489 INFO prediction_event type=shipment_prediction payload={"shipment_id": "2eba2b90-99fa-c129-4dc6-9015c2906023", "tracking_number": "SC3966636", "risk_score": 0.98, "predicted_eta": "2026-04-12 21:52", "anomaly_detected": true}
2026-04-24 23:53:09,759 INFO prediction_event type=shipment_prediction payload={"shipment_id": "08d0c945-0c43-aa62-74c2-891ad61148c5", "tracking_number": "SC4600625", "risk_score": 0.98, "predicted_eta": "2026-04-13 14:13", "anomaly_detected": true}
2026-04-24 23:53:11,334 INFO request path=/api/weather/route-advisories method=GET status=200 duration_ms=19.53
2026-04-24 23:53:11,334 INFO request path=/api/shipments/stats method=GET status=200 duration_ms=28.33
2026-04-24 23:53:11,335 INFO request path=/api/weather method=GET status=200 duration_ms=4.55
2026-04-24 23:53:11,400 INFO request path=/api/shipments method=GET status=200 duration_ms=93.86
2026-04-24 23:53:11,400 INFO request path=/api/alerts method=GET status=200 duration_ms=93.25
2026-04-24 23:53:11,402 INFO request path=/api/analytics/kpis method=GET status=200 duration_ms=68.63
2026-04-24 23:53:11,429 INFO request path=/api/analytics/ai-insights method=GET status=200 duration_ms=6.26
2026-04-24 23:53:11,430 INFO request path=/api/routes/cities method=GET status=200 duration_ms=5.42
2026-04-24 23:53:11,433 INFO request path=/api/analytics/region-disruptions method=GET status=200 duration_ms=27.18
2026-04-24 23:53:11,457 INFO request path=/api/analytics/carrier-performance method=GET status=200 duration_ms=52.49
2026-04-24 23:53:11,457 INFO request path=/api/analytics/monthly-trends method=GET status=200 duration_ms=52.95
2026-04-24 23:53:22,241 INFO prediction_event type=shipment_prediction payload={"shipment_id": "757ba228-4aa3-8bf7-8460-afd8280e4fe7", "tracking_number": "SC7326407", "risk_score": 0.98, "predicted_eta": "2026-04-17 13:20", "anomaly_detected": true}
2026-04-24 23:53:28,506 INFO prediction_event type=shipment_prediction payload={"shipment_id": "0cef1704-c5ab-852b-f9b7-7592478823ca", "tracking_number": "SC8315702", "risk_score": 0.98, "predicted_eta": "2026-04-13 06:49", "anomaly_detected": true}
2026-04-24 23:53:28,509 INFO prediction_event type=shipment_prediction payload={"shipment_id": "d1a42061-e004-0926-d1b5-f3a5b7e31914", "tracking_number": "SC5988559", "risk_score": 0.98, "predicted_eta": "2026-04-18 04:34", "anomaly_detected": true}
2026-04-24 23:53:34,760 INFO prediction_event type=shipment_prediction payload={"shipment_id": "e17901a7-1f44-477b-3d06-ff59f0f574d7", "tracking_number": "SC7966637", "risk_score": 0.98, "predicted_eta": "2026-04-13 23:54", "anomaly_detected": true}
2026-04-24 23:53:41,063 INFO prediction_event type=shipment_prediction payload={"shipment_id": "4281f290-6b8a-005e-ade7-ebd25abe712e", "tracking_number": "SC6844805", "risk_score": 0.98, "predicted_eta": "2026-04-13 11:21", "anomaly_detected": true}
2026-04-24 23:53:41,065 INFO prediction_event type=shipment_prediction payload={"shipment_id": "14b0d0ff-60f8-f5a5-0632-a0a59612c715", "tracking_number": "SC5053588", "risk_score": 0.98, "predicted_eta": "2026-04-13 04:03", "anomaly_detected": true}
2026-04-24 23:53:53,692 INFO prediction_event type=shipment_prediction payload={"shipment_id": "24275d6e-230e-20df-6af1-d60c4d7401ec", "tracking_number": "SC4121719", "risk_score": 0.9354, "predicted_eta": "2026-04-16 06:55", "anomaly_detected": true}
2026-04-24 23:54:11,331 INFO request path=/api/weather/route-advisories method=GET status=200 duration_ms=21.29
2026-04-24 23:54:11,332 INFO request path=/api/weather method=GET status=200 duration_ms=6.31
2026-04-24 23:54:11,333 INFO request path=/api/shipments/stats method=GET status=200 duration_ms=24.32
2026-04-24 23:54:11,400 INFO request path=/api/shipments method=GET status=200 duration_ms=93.40
2026-04-24 23:54:11,401 INFO request path=/api/alerts method=GET status=200 duration_ms=92.34
2026-04-24 23:54:11,402 INFO request path=/api/analytics/kpis method=GET status=200 duration_ms=70.81
2026-04-24 23:54:11,460 INFO request path=/api/analytics/region-disruptions method=GET status=200 duration_ms=56.13
2026-04-24 23:54:11,460 INFO request path=/api/analytics/ai-insights method=GET status=200 duration_ms=9.05
2026-04-24 23:54:11,461 INFO request path=/api/analytics/carrier-performance method=GET status=200 duration_ms=56.59
2026-04-24 23:54:11,461 INFO request path=/api/analytics/monthly-trends method=GET status=200 duration_ms=57.20
2026-04-24 23:54:11,462 INFO request path=/api/routes/cities method=GET status=200 duration_ms=1.99
2026-04-24 23:54:18,748 INFO prediction_event type=shipment_prediction payload={"shipment_id": "2dc508eb-f2d3-1205-42f6-cba2a56041a6", "tracking_number": "SC9102593", "risk_score": 0.9537, "predicted_eta": "2026-04-13 06:42", "anomaly_detected": true}
2026-04-24 23:54:18,750 INFO prediction_event type=shipment_prediction payload={"shipment_id": "58053ef0-eb27-41d8-2888-beb41778e611", "tracking_number": "SC2854579", "risk_score": 0.98, "predicted_eta": "2026-04-17 00:04", "anomaly_detected": true}
2026-04-24 23:54:18,752 INFO prediction_event type=shipment_prediction payload={"shipment_id": "99f6b009-2f5b-cdb6-4925-f3cd43f585f3", "tracking_number": "SC2134129", "risk_score": 0.98, "predicted_eta": "2025-11-07 19:57", "anomaly_detected": true}
2026-04-24 23:54:31,272 INFO prediction_event type=shipment_prediction payload={"shipment_id": "2eba2b90-99fa-c129-4dc6-9015c2906023", "tracking_number": "SC3966636", "risk_score": 0.98, "predicted_eta": "2026-04-12 21:52", "anomaly_detected": true}
2026-04-24 23:54:37,476 INFO prediction_event type=shipment_prediction payload={"shipment_id": "d4d8fc4c-face-4e0a-4115-1b24d8b66f54", "tracking_number": "SC6640657", "risk_score": 0.9433, "predicted_eta": "2026-04-13 01:29", "anomaly_detected": true}
2026-04-24 23:54:37,480 INFO prediction_event type=shipment_prediction payload={"shipment_id": "e3bde622-f5f0-4fd3-734c-3ed049928aeb", "tracking_number": "SC1676620", "risk_score": 0.98, "predicted_eta": "2026-04-12 20:57", "anomaly_detected": true}
2026-04-24 23:54:43,767 INFO prediction_event type=shipment_prediction payload={"shipment_id": "a6ac1bb9-d790-cdb0-2afa-67396587e68f", "tracking_number": "SC1121415", "risk_score": 0.98, "predicted_eta": "2026-04-12 12:04", "anomaly_detected": true}
2026-04-24 23:54:43,768 INFO prediction_event type=shipment_prediction payload={"shipment_id": "45bea202-c826-8a0d-7e5c-ca07c69744d7", "tracking_number": "SC2378557", "risk_score": 0.98, "predicted_eta": "2026-04-18 02:07", "anomaly_detected": true}
2026-04-24 23:54:56,282 INFO prediction_event type=shipment_prediction payload={"shipment_id": "5c43c3ad-92a6-f388-a957-70b1097c7bda", "tracking_number": "SC8698608", "risk_score": 0.98, "predicted_eta": "2025-11-14 18:49", "anomaly_detected": true}
2026-04-24 23:54:56,283 INFO prediction_event type=shipment_prediction payload={"shipment_id": "c6d20ca4-dfeb-024f-fa6d-4ae6d6901079", "tracking_number": "SC4903782", "risk_score": 0.98, "predicted_eta": "2026-04-13 05:20", "anomaly_detected": true}
2026-04-24 23:55:02,534 INFO prediction_event type=shipment_prediction payload={"shipment_id": "ec947b5d-e712-64b7-d820-8b39e8adf20c", "tracking_number": "SC3742195", "risk_score": 0.98, "predicted_eta": "2026-04-13 09:43", "anomaly_detected": true}
2026-04-24 23:55:02,538 INFO prediction_event type=shipment_prediction payload={"shipment_id": "2a998fc2-fca9-c014-5cfa-209bbe5a4b65", "tracking_number": "SC1419315", "risk_score": 0.98, "predicted_eta": "2026-04-12 03:34", "anomaly_detected": true}
2026-04-24 23:55:02,539 INFO prediction_event type=shipment_prediction payload={"shipment_id": "5def921d-8978-4bb8-a93b-63b45fe5d951", "tracking_number": "SC6031012", "risk_score": 0.98, "predicted_eta": "2026-04-13 10:46", "anomaly_detected": true}
2026-04-24 23:55:02,540 INFO prediction_event type=shipment_prediction payload={"shipment_id": "f91c8a3e-444d-afef-30e1-d790492f7da8", "tracking_number": "SC6642481", "risk_score": 0.98, "predicted_eta": "2026-04-16 09:41", "anomaly_detected": true}
2026-04-24 23:55:08,917 INFO prediction_event type=shipment_prediction payload={"shipment_id": "e5ea75d2-2679-2dc5-1461-325ff53a8213", "tracking_number": "SC9376830", "risk_score": 0.98, "predicted_eta": "2026-04-15 09:20", "anomaly_detected": true}
2026-04-24 23:55:11,330 INFO request path=/api/weather/route-advisories method=GET status=200 duration_ms=21.66
2026-04-24 23:55:11,331 INFO request path=/api/weather method=GET status=200 duration_ms=2.84
2026-04-24 23:55:11,331 INFO request path=/api/shipments/stats method=GET status=200 duration_ms=25.33
2026-04-24 23:55:11,407 INFO request path=/api/shipments method=GET status=200 duration_ms=103.42
2026-04-24 23:55:11,408 INFO request path=/api/alerts method=GET status=200 duration_ms=100.82
2026-04-24 23:55:11,412 INFO request path=/api/analytics/kpis method=GET status=200 duration_ms=82.74
2026-04-24 23:55:11,460 INFO request path=/api/routes/cities method=GET status=200 duration_ms=4.28
2026-04-24 23:55:11,461 INFO request path=/api/analytics/carrier-performance method=GET status=200 duration_ms=46.13
2026-04-24 23:55:11,461 INFO request path=/api/analytics/monthly-trends method=GET status=200 duration_ms=43.50
2026-04-24 23:55:11,461 INFO request path=/api/analytics/region-disruptions method=GET status=200 duration_ms=43.49
2026-04-24 23:55:11,461 INFO request path=/api/analytics/ai-insights method=GET status=200 duration_ms=4.86
2026-04-24 23:55:15,263 INFO prediction_event type=shipment_prediction payload={"shipment_id": "364562fb-7793-472b-f503-e452cbaa2f5a", "tracking_number": "SC9390912", "risk_score": 0.8363, "predicted_eta": "2026-04-13 05:45", "anomaly_detected": false}
2026-04-24 23:55:21,821 INFO prediction_event type=shipment_prediction payload={"shipment_id": "597b5a97-bab9-e793-1157-172bbf2a638d", "tracking_number": "SC1806627", "risk_score": 0.9276, "predicted_eta": "2026-04-13 01:02", "anomaly_detected": true}
2026-04-24 23:55:34,347 INFO prediction_event type=shipment_prediction payload={"shipment_id": "3e59202c-f3c9-ce6e-51d4-1ad73a9f78a7", "tracking_number": "SC4489054", "risk_score": 0.8187, "predicted_eta": "2026-04-17 03:48", "anomaly_detected": false}
2026-04-24 23:55:40,694 INFO prediction_event type=shipment_prediction payload={"shipment_id": "d4e5e596-c02a-a4f0-94be-dcb8aee347ce", "tracking_number": "SC9488587", "risk_score": 0.98, "predicted_eta": "2026-04-11 07:50", "anomaly_detected": true}
2026-04-24 23:55:59,418 INFO prediction_event type=shipment_prediction payload={"shipment_id": "cbbf2b51-8bbc-065e-fc56-4c492116f3d5", "tracking_number": "SC8872537", "risk_score": 0.98, "predicted_eta": "2026-04-02 00:44", "anomaly_detected": true}
2026-04-24 23:56:05,693 INFO prediction_event type=shipment_prediction payload={"shipment_id": "a9c11d29-7b46-c0ca-8bbe-4ef3fe84ae94", "tracking_number": "SC8810552", "risk_score": 0.98, "predicted_eta": "2026-01-28 09:36", "anomaly_detected": true}
2026-04-24 23:56:05,695 INFO prediction_event type=shipment_prediction payload={"shipment_id": "0ac17516-e0d7-3a21-077f-e9d457594b6d", "tracking_number": "SC3153399", "risk_score": 0.98, "predicted_eta": "2026-04-19 05:38", "anomaly_detected": true}
2026-04-24 23:56:11,328 INFO request path=/api/weather/route-advisories method=GET status=200 duration_ms=21.92
2026-04-24 23:56:11,329 INFO request path=/api/weather method=GET status=200 duration_ms=3.44
2026-04-24 23:56:11,329 INFO request path=/api/shipments/stats method=GET status=200 duration_ms=26.09
2026-04-24 23:56:11,399 INFO request path=/api/shipments method=GET status=200 duration_ms=97.37
2026-04-24 23:56:11,400 INFO request path=/api/alerts method=GET status=200 duration_ms=95.57
2026-04-24 23:56:11,408 INFO request path=/api/analytics/kpis method=GET status=200 duration_ms=80.76
2026-04-24 23:56:11,467 INFO request path=/api/routes/cities method=GET status=200 duration_ms=3.02
2026-04-24 23:56:11,467 INFO request path=/api/analytics/carrier-performance method=GET status=200 duration_ms=61.65
2026-04-24 23:56:11,468 INFO request path=/api/analytics/monthly-trends method=GET status=200 duration_ms=60.30
2026-04-24 23:56:11,468 INFO request path=/api/analytics/region-disruptions method=GET status=200 duration_ms=59.51
2026-04-24 23:56:11,468 INFO request path=/api/analytics/ai-insights method=GET status=200 duration_ms=3.86
2026-04-24 23:56:18,355 INFO prediction_event type=shipment_prediction payload={"shipment_id": "30134e4f-47a6-2b9b-e603-f4cef70faac3", "tracking_number": "SC2931685", "risk_score": 0.98, "predicted_eta": "2026-01-16 23:49", "anomaly_detected": true}
2026-04-24 23:56:18,356 INFO prediction_event type=shipment_prediction payload={"shipment_id": "d377e0a7-a631-5a16-2021-f76c69cd93d4", "tracking_number": "SC1030020", "risk_score": 0.98, "predicted_eta": "2026-04-14 07:25", "anomaly_detected": true}
2026-04-24 23:56:24,743 INFO prediction_event type=shipment_prediction payload={"shipment_id": "fdbe2378-c745-1031-728d-8ba05ce5af21", "tracking_number": "SC9388496", "risk_score": 0.98, "predicted_eta": "2026-04-20 09:06", "anomaly_detected": true}
2026-04-24 23:56:37,199 INFO prediction_event type=shipment_prediction payload={"shipment_id": "133077a0-a78e-af34-8517-a43a67df6a4a", "tracking_number": "SC4430143", "risk_score": 0.968, "predicted_eta": "2026-01-07 18:37", "anomaly_detected": true}
2026-04-24 23:56:38,722 INFO prediction_event type=shipment_prediction payload={"shipment_id": "3de82642-9819-bc14-fe97-8ea1b244b4d9", "tracking_number": "SC9356880", "risk_score": 0.98, "predicted_eta": "2026-04-03 14:27", "anomaly_detected": true}
2026-04-24 23:56:38,722 INFO prediction_event type=shipment_prediction payload={"shipment_id": "8305f3b8-cb44-7c18-0636-6d05d3df81df", "tracking_number": "SC2727353", "risk_score": 0.98, "predicted_eta": "2026-04-16 23:50", "anomaly_detected": true}
2026-04-24 23:56:38,723 INFO prediction_event type=shipment_prediction payload={"shipment_id": "b8ac0cc7-edfa-bbfb-a323-4ad9e717ae1b", "tracking_number": "SC1884158", "risk_score": 0.98, "predicted_eta": "2026-04-12 21:34", "anomaly_detected": true}
2026-04-24 23:56:38,723 INFO prediction_event type=shipment_prediction payload={"shipment_id": "46d0dc9e-14ba-b0be-c677-eb26f6dfcc8b", "tracking_number": "SC6759541", "risk_score": 0.98, "predicted_eta": "2026-04-17 03:01", "anomaly_detected": true}
2026-04-24 23:56:38,724 INFO prediction_event type=shipment_prediction payload={"shipment_id": "ad92ed40-4146-3063-267b-7cdf6c0cc008", "tracking_number": "SC7428419", "risk_score": 0.98, "predicted_eta": "2026-04-13 03:38", "anomaly_detected": true}
2026-04-24 23:56:38,724 INFO prediction_event type=shipment_prediction payload={"shipment_id": "0cee9ac0-54ec-385b-8be7-c49b9507c5a9", "tracking_number": "SC6066316", "risk_score": 0.98, "predicted_eta": "2026-04-13 14:02", "anomaly_detected": true}
2026-04-24 23:56:38,724 INFO prediction_event type=shipment_prediction payload={"shipment_id": "c2a1537d-2739-b5b7-aace-78804c71b70c", "tracking_number": "SC3592770", "risk_score": 0.98, "predicted_eta": "2026-04-12 23:05", "anomaly_detected": true}
2026-04-24 23:56:38,725 INFO prediction_event type=shipment_prediction payload={"shipment_id": "dcf8df2b-171e-8050-b5f3-51346ec46b34", "tracking_number": "SC5227231", "risk_score": 0.98, "predicted_eta": "2026-04-13 03:03", "anomaly_detected": true}
2026-04-24 23:56:38,725 INFO prediction_event type=shipment_prediction payload={"shipment_id": "355b60c8-03f4-1a10-b325-19b9c3ea29c0", "tracking_number": "SC1567681", "risk_score": 0.98, "predicted_eta": "2026-04-13 05:58", "anomaly_detected": true}
2026-04-24 23:56:38,725 INFO prediction_event type=shipment_prediction payload={"shipment_id": "bef89416-b340-dee4-858b-b058861516e4", "tracking_number": "SC2718790", "risk_score": 0.98, "predicted_eta": "2026-04-18 13:59", "anomaly_detected": true}
2026-04-24 23:56:38,726 INFO prediction_event type=shipment_prediction payload={"shipment_id": "757ba228-4aa3-8bf7-8460-afd8280e4fe7", "tracking_number": "SC7326407", "risk_score": 0.98, "predicted_eta": "2026-04-17 13:20", "anomaly_detected": true}
2026-04-24 23:56:38,726 INFO prediction_event type=shipment_prediction payload={"shipment_id": "eb6ecabb-0601-b97d-87ab-25a00d294626", "tracking_number": "SC2507240", "risk_score": 0.98, "predicted_eta": "2026-04-14 16:48", "anomaly_detected": true}
2026-04-24 23:56:38,726 INFO prediction_event type=shipment_prediction payload={"shipment_id": "314f1bd8-4570-558a-3c40-af2b7173fea9", "tracking_number": "SC3411224", "risk_score": 0.98, "predicted_eta": "2026-04-24 06:06", "anomaly_detected": true}
2026-04-24 23:56:38,726 INFO prediction_event type=shipment_prediction payload={"shipment_id": "5c43c3ad-92a6-f388-a957-70b1097c7bda", "tracking_number": "SC8698608", "risk_score": 0.98, "predicted_eta": "2025-11-14 18:49", "anomaly_detected": true}
2026-04-24 23:56:38,727 INFO prediction_event type=shipment_prediction payload={"shipment_id": "3d8f8a80-416f-d034-2a66-82f92defabbb", "tracking_number": "SC8312197", "risk_score": 0.98, "predicted_eta": "2026-04-13 08:09", "anomaly_detected": true}
2026-04-24 23:56:38,727 INFO prediction_event type=shipment_prediction payload={"shipment_id": "5a69d681-63f7-585c-d298-74d8b9a884f5", "tracking_number": "SC7778975", "risk_score": 0.98, "predicted_eta": "2026-04-18 06:14", "anomaly_detected": true}
2026-04-24 23:56:38,727 INFO prediction_event type=shipment_prediction payload={"shipment_id": "af11062c-ff8e-0832-4307-acab29c4ddfc", "tracking_number": "SC1267889", "risk_score": 0.98, "predicted_eta": "2026-04-14 01:17", "anomaly_detected": true}
2026-04-24 23:56:38,728 INFO prediction_event type=shipment_prediction payload={"shipment_id": "836e7873-666b-cf5c-5cea-eeea4af4caa5", "tracking_number": "SC2364887", "risk_score": 0.98, "predicted_eta": "2026-04-15 12:31", "anomaly_detected": true}
2026-04-24 23:56:38,728 INFO prediction_event type=shipment_prediction payload={"shipment_id": "50290c56-bb6b-a5a5-d538-f3f08605b01f", "tracking_number": "SC4529213", "risk_score": 0.98, "predicted_eta": "2026-04-26 09:37", "anomaly_detected": true}
2026-04-24 23:56:38,728 INFO prediction_event type=shipment_prediction payload={"shipment_id": "cb8876e7-22c6-a753-787f-49469e5bdd70", "tracking_number": "SC8328873", "risk_score": 0.98, "predicted_eta": "2026-04-21 09:23", "anomaly_detected": true}
2026-04-24 23:56:38,728 INFO prediction_event type=shipment_prediction payload={"shipment_id": "ebe05d73-8d74-96f3-aa36-a1729dd7ac92", "tracking_number": "SC2013474", "risk_score": 0.98, "predicted_eta": "2026-04-13 13:13", "anomaly_detected": true}
2026-04-24 23:56:38,729 INFO prediction_event type=shipment_prediction payload={"shipment_id": "30b1fc87-1db5-efc7-2962-3cda4415e215", "tracking_number": "SC2207013", "risk_score": 0.98, "predicted_eta": "2026-04-13 21:43", "anomaly_detected": true}
2026-04-24 23:56:38,729 INFO prediction_event type=shipment_prediction payload={"shipment_id": "e3bde622-f5f0-4fd3-734c-3ed049928aeb", "tracking_number": "SC1676620", "risk_score": 0.98, "predicted_eta": "2026-04-12 20:57", "anomaly_detected": true}
2026-04-24 23:56:38,729 INFO prediction_event type=shipment_prediction payload={"shipment_id": "d7e17530-163b-b952-84c4-76b452be8b2d", "tracking_number": "SC2823462", "risk_score": 0.98, "predicted_eta": "2026-04-13 07:34", "anomaly_detected": true}
2026-04-24 23:56:38,729 INFO prediction_event type=shipment_prediction payload={"shipment_id": "6dc7a4df-9ca5-b26a-e679-6355f126a83d", "tracking_number": "SC4180265", "risk_score": 0.98, "predicted_eta": "2025-10-14 07:52", "anomaly_detected": true}
2026-04-24 23:56:38,730 INFO prediction_event type=shipment_prediction payload={"shipment_id": "ef0c54b0-054a-7865-532e-b1b16e6aa115", "tracking_number": "SC7564005", "risk_score": 0.98, "predicted_eta": "2026-04-18 08:45", "anomaly_detected": true}
2026-04-24 23:56:38,730 INFO prediction_event type=shipment_prediction payload={"shipment_id": "cf795608-6aca-22e1-e193-ae1bf97edff8", "tracking_number": "SC1780946", "risk_score": 0.98, "predicted_eta": "2026-04-18 08:50", "anomaly_detected": true}
2026-04-24 23:56:38,730 INFO prediction_event type=shipment_prediction payload={"shipment_id": "0cef1704-c5ab-852b-f9b7-7592478823ca", "tracking_number": "SC8315702", "risk_score": 0.98, "predicted_eta": "2026-04-13 06:49", "anomaly_detected": true}
2026-04-24 23:56:38,731 INFO prediction_event type=shipment_prediction payload={"shipment_id": "54edc0ca-7a83-f020-6cd0-dbc316ce904c", "tracking_number": "SC5357875", "risk_score": 0.98, "predicted_eta": "2026-04-16 05:23", "anomaly_detected": true}
2026-04-24 23:56:38,731 INFO prediction_event type=shipment_prediction payload={"shipment_id": "1c6bdf9d-620a-a911-6b50-593e709f2390", "tracking_number": "SC5617805", "risk_score": 0.98, "predicted_eta": "2026-04-19 14:31", "anomaly_detected": true}
2026-04-24 23:56:38,731 INFO prediction_event type=shipment_prediction payload={"shipment_id": "f91c8a3e-444d-afef-30e1-d790492f7da8", "tracking_number": "SC6642481", "risk_score": 0.98, "predicted_eta": "2026-04-16 09:41", "anomaly_detected": true}
2026-04-24 23:56:38,731 INFO prediction_event type=shipment_prediction payload={"shipment_id": "4be4040d-3b28-ad0b-c8ff-2a37bc6af8c1", "tracking_number": "SC1815854", "risk_score": 0.98, "predicted_eta": "2025-10-21 19:29", "anomaly_detected": true}
2026-04-24 23:56:38,732 INFO prediction_event type=shipment_prediction payload={"shipment_id": "f5a76411-2ebb-b125-41c8-76439a8c8963", "tracking_number": "SC4154773", "risk_score": 0.98, "predicted_eta": "2026-01-14 09:55", "anomaly_detected": true}
2026-04-24 23:56:38,732 INFO prediction_event type=shipment_prediction payload={"shipment_id": "d9b9205f-bb27-6ac5-13ff-a285c970e809", "tracking_number": "SC1599184", "risk_score": 0.98, "predicted_eta": "2026-04-13 00:17", "anomaly_detected": true}
2026-04-24 23:56:38,732 INFO prediction_event type=shipment_prediction payload={"shipment_id": "c06bf170-8938-a564-8978-5fa2096b319b", "tracking_number": "SC3015144", "risk_score": 0.98, "predicted_eta": "2026-04-13 00:58", "anomaly_detected": true}
2026-04-24 23:56:38,732 INFO prediction_event type=shipment_prediction payload={"shipment_id": "d69b4276-6799-1965-3ac2-15f7bc565578", "tracking_number": "SC7482139", "risk_score": 0.98, "predicted_eta": "2026-04-16 17:48", "anomaly_detected": true}
2026-04-24 23:56:38,733 INFO prediction_event type=shipment_prediction payload={"shipment_id": "7b086a4f-5e62-14d8-b594-273bc364a918", "tracking_number": "SC3078468", "risk_score": 0.98, "predicted_eta": "2026-04-13 00:05", "anomaly_detected": true}
2026-04-24 23:56:38,733 INFO prediction_event type=shipment_prediction payload={"shipment_id": "c3f90c3d-f5e3-a004-05a9-d572be1c55a9", "tracking_number": "SC8461923", "risk_score": 0.98, "predicted_eta": "2026-04-14 10:13", "anomaly_detected": true}
2026-04-24 23:56:38,733 INFO prediction_event type=shipment_prediction payload={"shipment_id": "340cca8c-4991-1c4c-666a-319ca9acc3c3", "tracking_number": "SC1568173", "risk_score": 0.98, "predicted_eta": "2026-04-14 13:49", "anomaly_detected": true}
2026-04-24 23:56:38,733 INFO prediction_event type=shipment_prediction payload={"shipment_id": "2e1fc467-24da-ee9a-9778-1771d7a65a04", "tracking_number": "SC9500598", "risk_score": 0.98, "predicted_eta": "2026-04-16 22:46", "anomaly_detected": true}
2026-04-24 23:56:38,734 INFO prediction_event type=shipment_prediction payload={"shipment_id": "ec947b5d-e712-64b7-d820-8b39e8adf20c", "tracking_number": "SC3742195", "risk_score": 0.98, "predicted_eta": "2026-04-13 09:43", "anomaly_detected": true}
2026-04-24 23:56:38,734 INFO prediction_event type=shipment_prediction payload={"shipment_id": "dcc094d5-bf6e-0be2-1af6-7af5d2a98398", "tracking_number": "SC5393522", "risk_score": 0.98, "predicted_eta": "2026-04-13 02:42", "anomaly_detected": true}
2026-04-24 23:56:38,734 INFO prediction_event type=shipment_prediction payload={"shipment_id": "e17901a7-1f44-477b-3d06-ff59f0f574d7", "tracking_number": "SC7966637", "risk_score": 0.98, "predicted_eta": "2026-04-13 23:54", "anomaly_detected": true}
2026-04-24 23:56:38,734 INFO prediction_event type=shipment_prediction payload={"shipment_id": "aba704d3-9a7e-34fd-2ba6-d66934a8cdae", "tracking_number": "SC5471734", "risk_score": 0.98, "predicted_eta": "2026-04-10 18:07", "anomaly_detected": true}
2026-04-24 23:56:38,735 INFO prediction_event type=shipment_prediction payload={"shipment_id": "88ee8693-a174-47c4-7cee-1ab8aa8a2c23", "tracking_number": "SC2800843", "risk_score": 0.98, "predicted_eta": "2026-04-15 11:16", "anomaly_detected": true}
2026-04-24 23:56:38,735 INFO prediction_event type=shipment_prediction payload={"shipment_id": "7506d712-3724-54bf-94c6-646884751e02", "tracking_number": "SC2382359", "risk_score": 0.98, "predicted_eta": "2026-05-05 14:40", "anomaly_detected": true}
2026-04-24 23:56:38,735 INFO prediction_event type=shipment_prediction payload={"shipment_id": "a3ebd69b-9ca7-4ece-8085-e4b6408c6696", "tracking_number": "SC8045055", "risk_score": 0.98, "predicted_eta": "2026-04-11 14:43", "anomaly_detected": true}
2026-04-24 23:56:38,736 INFO prediction_event type=shipment_prediction payload={"shipment_id": "f5a6079b-2224-5c0a-e6be-6f08b9bee7dc", "tracking_number": "SC7753348", "risk_score": 0.98, "predicted_eta": "2026-04-16 00:24", "anomaly_detected": true}
2026-04-24 23:56:38,736 INFO prediction_event type=shipment_prediction payload={"shipment_id": "2cb1574b-7b89-a09b-37f1-ed9d6dfa576b", "tracking_number": "SC9636714", "risk_score": 0.98, "predicted_eta": "2026-02-04 02:10", "anomaly_detected": true}
2026-04-24 23:56:38,736 INFO prediction_event type=shipment_prediction payload={"shipment_id": "8e3c45c3-ba47-cef7-9cf4-447e1bd75f75", "tracking_number": "SC5868907", "risk_score": 0.98, "predicted_eta": "2026-04-13 17:21", "anomaly_detected": true}
2026-04-24 23:56:38,736 INFO prediction_event type=shipment_prediction payload={"shipment_id": "fdbe2378-c745-1031-728d-8ba05ce5af21", "tracking_number": "SC9388496", "risk_score": 0.98, "predicted_eta": "2026-04-20 09:06", "anomaly_detected": true}
2026-04-24 23:56:38,737 INFO prediction_event type=shipment_prediction payload={"shipment_id": "0bd5ea1a-eedf-5668-714e-518b122a0605", "tracking_number": "SC8123578", "risk_score": 0.98, "predicted_eta": "2026-04-12 21:34", "anomaly_detected": true}
2026-04-24 23:56:38,737 INFO prediction_event type=shipment_prediction payload={"shipment_id": "d01edc3a-0814-8d23-6372-5205efe5706d", "tracking_number": "SC1832012", "risk_score": 0.98, "predicted_eta": "2026-04-16 06:17", "anomaly_detected": true}
2026-04-24 23:56:38,737 INFO prediction_event type=shipment_prediction payload={"shipment_id": "e82022d7-40ec-eb73-ad86-0957008d2691", "tracking_number": "SC2590445", "risk_score": 0.98, "predicted_eta": "2026-04-26 18:18", "anomaly_detected": true}
2026-04-24 23:56:38,737 INFO prediction_event type=shipment_prediction payload={"shipment_id": "347349cf-0dcb-87c0-d29c-c212308e8653", "tracking_number": "SC5549442", "risk_score": 0.98, "predicted_eta": "2026-04-19 21:16", "anomaly_detected": true}
2026-04-24 23:56:38,738 INFO prediction_event type=shipment_prediction payload={"shipment_id": "4f9e9576-513e-4a1a-f250-32dd415bfa74", "tracking_number": "SC8449980", "risk_score": 0.98, "predicted_eta": "2026-04-18 02:26", "anomaly_detected": true}
2026-04-24 23:56:38,738 INFO prediction_event type=shipment_prediction payload={"shipment_id": "60784a67-274c-1666-9d1b-b7d4d6ea8604", "tracking_number": "SC7545004", "risk_score": 0.98, "predicted_eta": "2026-04-15 18:11", "anomaly_detected": true}
2026-04-24 23:56:38,738 INFO prediction_event type=shipment_prediction payload={"shipment_id": "4d0f1a3b-3b21-e922-53a8-9bb83ebff8ac", "tracking_number": "SC1360913", "risk_score": 0.98, "predicted_eta": "2026-04-29 21:38", "anomaly_detected": true}
2026-04-24 23:56:38,738 INFO prediction_event type=shipment_prediction payload={"shipment_id": "8464a7df-ea2e-3a98-8769-e8ab12b672eb", "tracking_number": "SC1386987", "risk_score": 0.98, "predicted_eta": "2026-04-12 23:00", "anomaly_detected": true}
2026-04-24 23:56:38,739 INFO prediction_event type=shipment_prediction payload={"shipment_id": "c2ea25b4-efa8-dcf6-4d9f-861e86eb5947", "tracking_number": "SC9669979", "risk_score": 0.98, "predicted_eta": "2026-04-13 13:39", "anomaly_detected": true}
2026-04-24 23:56:38,739 INFO prediction_event type=shipment_prediction payload={"shipment_id": "62cc2e97-6531-758a-2ac8-233dea9b5294", "tracking_number": "SC4967122", "risk_score": 0.98, "predicted_eta": "2026-04-13 03:18", "anomaly_detected": true}
2026-04-24 23:56:38,739 INFO prediction_event type=shipment_prediction payload={"shipment_id": "f925fe10-fab4-241a-1258-1f519d6f0fe5", "tracking_number": "SC4742893", "risk_score": 0.98, "predicted_eta": "2026-04-27 07:10", "anomaly_detected": true}
2026-04-24 23:56:38,739 INFO prediction_event type=shipment_prediction payload={"shipment_id": "435d8419-5767-0bf7-c0c9-e2e9f6733ba1", "tracking_number": "SC8357138", "risk_score": 0.98, "predicted_eta": "2026-04-21 03:38", "anomaly_detected": true}
2026-04-24 23:56:38,740 INFO prediction_event type=shipment_prediction payload={"shipment_id": "35594020-68fe-fad7-0ade-6511ee1c6504", "tracking_number": "SC1540053", "risk_score": 0.98, "predicted_eta": "2026-04-13 21:36", "anomaly_detected": true}
2026-04-24 23:56:38,740 INFO prediction_event type=shipment_prediction payload={"shipment_id": "d1a42061-e004-0926-d1b5-f3a5b7e31914", "tracking_number": "SC5988559", "risk_score": 0.98, "predicted_eta": "2026-04-18 04:34", "anomaly_detected": true}
2026-04-24 23:56:38,740 INFO prediction_event type=shipment_prediction payload={"shipment_id": "ce8ce65c-defd-c0c3-3a4c-566605e83b01", "tracking_number": "SC2424618", "risk_score": 0.98, "predicted_eta": "2026-04-13 01:36", "anomaly_detected": true}
2026-04-24 23:56:38,741 INFO prediction_event type=shipment_prediction payload={"shipment_id": "a373bf2e-d1a2-f28c-3280-7b31babc14e1", "tracking_number": "SC2440575", "risk_score": 0.98, "predicted_eta": "2026-04-12 22:36", "anomaly_detected": true}
2026-04-24 23:56:38,741 INFO prediction_event type=shipment_prediction payload={"shipment_id": "20f3e023-6a6f-a905-ca65-066fbffe1d09", "tracking_number": "SC3413701", "risk_score": 0.98, "predicted_eta": "2026-04-22 14:29", "anomaly_detected": true}
2026-04-24 23:56:38,741 INFO prediction_event type=shipment_prediction payload={"shipment_id": "fff19c1f-4ae7-86e9-62db-986e7d4ed463", "tracking_number": "SC5542025", "risk_score": 0.98, "predicted_eta": "2025-10-24 13:59", "anomaly_detected": true}
2026-04-24 23:56:38,741 INFO prediction_event type=shipment_prediction payload={"shipment_id": "5def921d-8978-4bb8-a93b-63b45fe5d951", "tracking_number": "SC6031012", "risk_score": 0.98, "predicted_eta": "2026-04-13 10:46", "anomaly_detected": true}
2026-04-24 23:56:38,741 INFO prediction_event type=shipment_prediction payload={"shipment_id": "9586e342-7d22-b86b-7178-1362981f2ee5", "tracking_number": "SC4080765", "risk_score": 0.98, "predicted_eta": "2026-04-21 18:17", "anomaly_detected": true}
2026-04-24 23:56:38,742 INFO prediction_event type=shipment_prediction payload={"shipment_id": "a345e9e0-0aef-0828-9948-a9064ea88c35", "tracking_number": "SC4630924", "risk_score": 0.98, "predicted_eta": "2026-04-18 22:13", "anomaly_detected": true}
2026-04-24 23:56:38,742 INFO prediction_event type=shipment_prediction payload={"shipment_id": "45bea202-c826-8a0d-7e5c-ca07c69744d7", "tracking_number": "SC2378557", "risk_score": 0.98, "predicted_eta": "2026-04-18 02:07", "anomaly_detected": true}
2026-04-24 23:56:38,742 INFO prediction_event type=shipment_prediction payload={"shipment_id": "3365f5fe-4a0c-8984-cca7-a2b1f2c86d2f", "tracking_number": "SC2799273", "risk_score": 0.98, "predicted_eta": "2026-04-18 20:45", "anomaly_detected": true}
2026-04-24 23:56:38,743 INFO prediction_event type=shipment_prediction payload={"shipment_id": "83e1f43b-cd1f-005f-0edf-cde378e072b1", "tracking_number": "SC1652121", "risk_score": 0.98, "predicted_eta": "2026-04-14 23:06", "anomaly_detected": true}
2026-04-24 23:56:38,743 INFO prediction_event type=shipment_prediction payload={"shipment_id": "5aa9c51a-a33a-30d9-5825-1552e051e25f", "tracking_number": "SC7144270", "risk_score": 0.98, "predicted_eta": "2026-04-12 21:20", "anomaly_detected": true}
2026-04-24 23:56:38,743 INFO prediction_event type=shipment_prediction payload={"shipment_id": "7d135822-5d35-0581-ffa4-b24a2063dcf4", "tracking_number": "SC9343028", "risk_score": 0.98, "predicted_eta": "2026-04-23 04:00", "anomaly_detected": true}
2026-04-24 23:56:38,743 INFO prediction_event type=shipment_prediction payload={"shipment_id": "a6ac1bb9-d790-cdb0-2afa-67396587e68f", "tracking_number": "SC1121415", "risk_score": 0.98, "predicted_eta": "2026-04-12 12:04", "anomaly_detected": true}
2026-04-24 23:56:38,744 INFO prediction_event type=shipment_prediction payload={"shipment_id": "6acc6eef-c94a-72fd-c3b0-d00ed844c24d", "tracking_number": "SC9467863", "risk_score": 0.98, "predicted_eta": "2026-04-15 21:08", "anomaly_detected": true}
2026-04-24 23:56:38,744 INFO prediction_event type=shipment_prediction payload={"shipment_id": "fd4c7c59-136a-56d0-cf01-9a060573f452", "tracking_number": "SC8136810", "risk_score": 0.98, "predicted_eta": "2026-04-14 01:58", "anomaly_detected": true}
2026-04-24 23:56:38,744 INFO prediction_event type=shipment_prediction payload={"shipment_id": "4281f290-6b8a-005e-ade7-ebd25abe712e", "tracking_number": "SC6844805", "risk_score": 0.98, "predicted_eta": "2026-04-13 11:21", "anomaly_detected": true}
2026-04-24 23:56:38,744 INFO prediction_event type=shipment_prediction payload={"shipment_id": "1d4669ce-381b-84aa-0ce2-70b4e5abfd23", "tracking_number": "SC8711005", "risk_score": 0.98, "predicted_eta": "2026-04-12 22:57", "anomaly_detected": true}
2026-04-24 23:56:38,745 INFO prediction_event type=shipment_prediction payload={"shipment_id": "ca64e815-45b1-a079-b55c-95f9cdc8fd53", "tracking_number": "SC6131577", "risk_score": 0.98, "predicted_eta": "2026-04-18 14:43", "anomaly_detected": true}
2026-04-24 23:56:38,745 INFO prediction_event type=shipment_prediction payload={"shipment_id": "f6781446-f468-101c-3e8d-d00a18969228", "tracking_number": "SC5557881", "risk_score": 0.98, "predicted_eta": "2026-04-12 22:36", "anomaly_detected": true}
2026-04-24 23:56:38,745 INFO prediction_event type=shipment_prediction payload={"shipment_id": "b1721bd8-1872-369c-ae56-eb116738c653", "tracking_number": "SC8198110", "risk_score": 0.98, "predicted_eta": "2026-04-17 04:38", "anomaly_detected": true}
2026-04-24 23:56:38,745 INFO prediction_event type=shipment_prediction payload={"shipment_id": "276c1b83-6800-8655-a7f9-07710bea5fd5", "tracking_number": "SC7961366", "risk_score": 0.98, "predicted_eta": "2026-04-16 14:26", "anomaly_detected": true}
2026-04-24 23:56:38,746 INFO prediction_event type=shipment_prediction payload={"shipment_id": "fd916171-7fcf-35d5-3bfb-2e237bb56e9a", "tracking_number": "SC6331432", "risk_score": 0.98, "predicted_eta": "2026-04-15 03:43", "anomaly_detected": true}
2026-04-24 23:56:38,746 INFO prediction_event type=shipment_prediction payload={"shipment_id": "52ee095c-23fb-094d-48b5-68145925d2c8", "tracking_number": "SC5109990", "risk_score": 0.98, "predicted_eta": "2026-04-15 22:36", "anomaly_detected": true}
2026-04-24 23:56:38,746 INFO prediction_event type=shipment_prediction payload={"shipment_id": "88a80dac-5292-d896-186e-68fbed2d9a69", "tracking_number": "SC2296906", "risk_score": 0.98, "predicted_eta": "2026-04-25 19:03", "anomaly_detected": true}
2026-04-24 23:56:38,746 INFO prediction_event type=shipment_prediction payload={"shipment_id": "0e753e46-3cf1-3464-9ed2-203529618b2a", "tracking_number": "SC5712635", "risk_score": 0.98, "predicted_eta": "2026-04-13 02:12", "anomaly_detected": true}
2026-04-24 23:56:38,747 INFO prediction_event type=shipment_prediction payload={"shipment_id": "4adddd05-8a9c-b8f9-85dc-352bfc3a709b", "tracking_number": "SC2014843", "risk_score": 0.98, "predicted_eta": "2026-04-01 18:19", "anomaly_detected": true}
2026-04-24 23:56:38,747 INFO prediction_event type=shipment_prediction payload={"shipment_id": "9de2e583-f663-6520-bb23-bf2de8c46d47", "tracking_number": "SC3457584", "risk_score": 0.98, "predicted_eta": "2026-03-27 22:04", "anomaly_detected": true}
2026-04-24 23:56:38,747 INFO prediction_event type=shipment_prediction payload={"shipment_id": "5dfe35e2-412d-a1d9-dc1f-1f19829e9073", "tracking_number": "SC7794065", "risk_score": 0.98, "predicted_eta": "2025-12-22 01:25", "anomaly_detected": true}
2026-04-24 23:56:38,747 INFO prediction_event type=shipment_prediction payload={"shipment_id": "f4ad7982-1efb-3697-0893-31124709c9ff", "tracking_number": "SC2318087", "risk_score": 0.98, "predicted_eta": "2026-02-05 23:48", "anomaly_detected": true}
2026-04-24 23:56:38,748 INFO prediction_event type=shipment_prediction payload={"shipment_id": "72d782a3-5bda-4838-129e-fe95313a258f", "tracking_number": "SC1100530", "risk_score": 0.98, "predicted_eta": "2026-04-19 18:09", "anomaly_detected": true}
2026-04-24 23:56:38,748 INFO prediction_event type=shipment_prediction payload={"shipment_id": "82be22b6-1715-6bad-ffbc-9929cad6d870", "tracking_number": "SC3341318", "risk_score": 0.98, "predicted_eta": "2026-03-13 04:16", "anomaly_detected": true}
2026-04-24 23:56:38,748 INFO prediction_event type=shipment_prediction payload={"shipment_id": "29270899-3a53-3e16-18bb-0076d0fcfe5b", "tracking_number": "SC7234191", "risk_score": 0.98, "predicted_eta": "2026-03-13 21:13", "anomaly_detected": true}
2026-04-24 23:56:38,749 INFO prediction_event type=shipment_prediction payload={"shipment_id": "dd2bbeca-7809-0bca-1dae-339e0254fad6", "tracking_number": "SC9913771", "risk_score": 0.98, "predicted_eta": "2026-04-13 03:44", "anomaly_detected": true}
2026-04-24 23:56:38,749 INFO prediction_event type=shipment_prediction payload={"shipment_id": "17d2545a-3ed4-3aaa-2ab5-ac438a84b742", "tracking_number": "SC5709135", "risk_score": 0.98, "predicted_eta": "2026-04-17 13:19", "anomaly_detected": true}
2026-04-24 23:56:38,749 INFO prediction_event type=shipment_prediction payload={"shipment_id": "5afa92f1-25bb-7263-f3bb-f5d3a1c9969f", "tracking_number": "SC9844248", "risk_score": 0.98, "predicted_eta": "2025-11-25 15:44", "anomaly_detected": true}
2026-04-24 23:56:38,749 INFO prediction_event type=shipment_prediction payload={"shipment_id": "30bdfc2c-6fb7-fe7e-8e6d-3b0f6c2b1f4a", "tracking_number": "SC4012267", "risk_score": 0.98, "predicted_eta": "2026-04-19 21:54", "anomaly_detected": true}
2026-04-24 23:56:38,750 INFO prediction_event type=shipment_prediction payload={"shipment_id": "6df570f8-e19b-f1f3-498e-e944ce543f77", "tracking_number": "SC1737206", "risk_score": 0.98, "predicted_eta": "2026-03-15 15:15", "anomaly_detected": true}
2026-04-24 23:56:38,750 INFO prediction_event type=shipment_prediction payload={"shipment_id": "3a4452eb-99c3-d673-2933-eb86e84ce919", "tracking_number": "SC8600011", "risk_score": 0.98, "predicted_eta": "2026-04-19 16:30", "anomaly_detected": true}
2026-04-24 23:56:38,750 INFO prediction_event type=shipment_prediction payload={"shipment_id": "16ef15c7-41c9-d863-f05e-73209e3f6463", "tracking_number": "SC8514626", "risk_score": 0.98, "predicted_eta": "2025-10-15 04:50", "anomaly_detected": true}
2026-04-24 23:56:38,750 INFO prediction_event type=shipment_prediction payload={"shipment_id": "2a998fc2-fca9-c014-5cfa-209bbe5a4b65", "tracking_number": "SC1419315", "risk_score": 0.98, "predicted_eta": "2026-04-12 03:34", "anomaly_detected": true}
2026-04-24 23:56:38,751 INFO prediction_event type=shipment_prediction payload={"shipment_id": "efc365e3-27e2-cd3d-9b35-97ba4f0a713a", "tracking_number": "SC2545294", "risk_score": 0.98, "predicted_eta": "2026-04-15 18:51", "anomaly_detected": true}
2026-04-24 23:56:38,751 INFO prediction_event type=shipment_prediction payload={"shipment_id": "535c5b65-a9c8-f7bd-919f-d318ec14715a", "tracking_number": "SC1282328", "risk_score": 0.98, "predicted_eta": "2026-01-19 22:25", "anomaly_detected": true}
2026-04-24 23:56:38,751 INFO prediction_event type=shipment_prediction payload={"shipment_id": "90a0496e-117e-655d-03ab-a47fba3a9daa", "tracking_number": "SC5005039", "risk_score": 0.98, "predicted_eta": "2025-11-15 18:16", "anomaly_detected": true}
2026-04-24 23:56:38,751 INFO prediction_event type=shipment_prediction payload={"shipment_id": "d64886f0-86c7-7927-d747-4f306b5f9415", "tracking_number": "SC5851623", "risk_score": 0.98, "predicted_eta": "2026-04-25 11:19", "anomaly_detected": true}
2026-04-24 23:56:38,752 INFO prediction_event type=shipment_prediction payload={"shipment_id": "c4b561a0-2330-b35e-016e-c2f6f2de65aa", "tracking_number": "SC8040001", "risk_score": 0.98, "predicted_eta": "2026-03-27 08:07", "anomaly_detected": true}
2026-04-24 23:56:38,752 INFO prediction_event type=shipment_prediction payload={"shipment_id": "d76eedea-92ed-b03b-329c-cfca77b0dfd9", "tracking_number": "SC5066762", "risk_score": 0.98, "predicted_eta": "2026-04-15 07:41", "anomaly_detected": true}
2026-04-24 23:56:38,752 INFO prediction_event type=shipment_prediction payload={"shipment_id": "355171f0-3220-a4b8-b9fa-f996ce43a309", "tracking_number": "SC3562160", "risk_score": 0.98, "predicted_eta": "2026-01-02 08:45", "anomaly_detected": true}
2026-04-24 23:56:38,752 INFO prediction_event type=shipment_prediction payload={"shipment_id": "1d97c51a-d2fa-b485-73d1-3b6766e951a1", "tracking_number": "SC8688686", "risk_score": 0.98, "predicted_eta": "2026-04-13 03:53", "anomaly_detected": true}
2026-04-24 23:56:38,753 INFO prediction_event type=shipment_prediction payload={"shipment_id": "9c23a497-1cda-78a7-eb60-9f4523916122", "tracking_number": "SC2549737", "risk_score": 0.98, "predicted_eta": "2026-04-14 22:20", "anomaly_detected": true}
2026-04-24 23:56:38,753 INFO prediction_event type=shipment_prediction payload={"shipment_id": "cab12cec-a328-b411-58b9-c452dcf1d951", "tracking_number": "SC7910768", "risk_score": 0.98, "predicted_eta": "2026-04-13 00:17", "anomaly_detected": true}
2026-04-24 23:56:38,753 INFO prediction_event type=shipment_prediction payload={"shipment_id": "86c105e3-0d3f-8043-71d4-a408349721b7", "tracking_number": "SC3929066", "risk_score": 0.98, "predicted_eta": "2026-02-10 14:47", "anomaly_detected": true}
2026-04-24 23:56:38,754 INFO prediction_event type=shipment_prediction payload={"shipment_id": "d377e0a7-a631-5a16-2021-f76c69cd93d4", "tracking_number": "SC1030020", "risk_score": 0.98, "predicted_eta": "2026-04-14 07:25", "anomaly_detected": true}
2026-04-24 23:56:38,754 INFO prediction_event type=shipment_prediction payload={"shipment_id": "99f6b009-2f5b-cdb6-4925-f3cd43f585f3", "tracking_number": "SC2134129", "risk_score": 0.98, "predicted_eta": "2025-11-07 19:57", "anomaly_detected": true}
2026-04-24 23:56:38,754 INFO prediction_event type=shipment_prediction payload={"shipment_id": "57ae5821-e7cf-06fc-9d91-368f1a7d3371", "tracking_number": "SC9707870", "risk_score": 0.98, "predicted_eta": "2026-02-06 12:45", "anomaly_detected": true}
2026-04-24 23:56:38,754 INFO prediction_event type=shipment_prediction payload={"shipment_id": "19f0e4a4-2128-58c1-07e5-fe25db9d020c", "tracking_number": "SC5907517", "risk_score": 0.98, "predicted_eta": "2025-12-07 02:48", "anomaly_detected": true}
2026-04-24 23:56:38,754 INFO prediction_event type=shipment_prediction payload={"shipment_id": "b4ef78f2-b394-43df-5fcc-7aa4a24367f3", "tracking_number": "SC9929603", "risk_score": 0.98, "predicted_eta": "2025-12-30 20:25", "anomaly_detected": true}
2026-04-24 23:56:38,755 INFO prediction_event type=shipment_prediction payload={"shipment_id": "ddd483d2-b0fd-3872-a3f4-6ec229cf712e", "tracking_number": "SC9243145", "risk_score": 0.98, "predicted_eta": "2026-04-21 04:46", "anomaly_detected": true}
2026-04-24 23:56:38,755 INFO prediction_event type=shipment_prediction payload={"shipment_id": "4d9b4eb8-bc56-1d17-4abe-9f2ee2439f40", "tracking_number": "SC8598227", "risk_score": 0.98, "predicted_eta": "2026-04-21 22:46", "anomaly_detected": true}
2026-04-24 23:56:38,755 INFO prediction_event type=shipment_prediction payload={"shipment_id": "94fa0d9e-31a7-aa15-85ec-5f0a08415c5a", "tracking_number": "SC8391611", "risk_score": 0.98, "predicted_eta": "2026-03-20 22:55", "anomaly_detected": true}
2026-04-24 23:56:38,756 INFO prediction_event type=shipment_prediction payload={"shipment_id": "a9c11d29-7b46-c0ca-8bbe-4ef3fe84ae94", "tracking_number": "SC8810552", "risk_score": 0.98, "predicted_eta": "2026-01-28 09:36", "anomaly_detected": true}
2026-04-24 23:56:38,756 INFO prediction_event type=shipment_prediction payload={"shipment_id": "16e3a86c-7389-721d-a2dd-c110c360ac95", "tracking_number": "SC2893196", "risk_score": 0.98, "predicted_eta": "2026-04-13 15:33", "anomaly_detected": true}
2026-04-24 23:56:38,756 INFO prediction_event type=shipment_prediction payload={"shipment_id": "d22f6ccd-50dd-293f-3b72-dc9c92055f17", "tracking_number": "SC9886933", "risk_score": 0.98, "predicted_eta": "2026-04-14 05:19", "anomaly_detected": true}
2026-04-24 23:56:38,756 INFO prediction_event type=shipment_prediction payload={"shipment_id": "14b0d0ff-60f8-f5a5-0632-a0a59612c715", "tracking_number": "SC5053588", "risk_score": 0.98, "predicted_eta": "2026-04-13 04:03", "anomaly_detected": true}
2026-04-24 23:56:38,757 INFO prediction_event type=shipment_prediction payload={"shipment_id": "a96f0553-6777-66ca-88b6-3adc7f6503f0", "tracking_number": "SC5840254", "risk_score": 0.98, "predicted_eta": "2026-03-07 21:51", "anomaly_detected": true}
2026-04-24 23:56:38,757 INFO prediction_event type=shipment_prediction payload={"shipment_id": "ca66d3c3-f39f-d448-e517-591caf309030", "tracking_number": "SC9485585", "risk_score": 0.98, "predicted_eta": "2026-04-13 03:28", "anomaly_detected": true}
2026-04-24 23:56:38,757 INFO prediction_event type=shipment_prediction payload={"shipment_id": "5af2883f-bfad-fa1c-6910-9f5a0d5b3335", "tracking_number": "SC7133330", "risk_score": 0.98, "predicted_eta": "2026-03-29 21:21", "anomaly_detected": true}
2026-04-24 23:56:38,757 INFO prediction_event type=shipment_prediction payload={"shipment_id": "f1da58df-6918-c284-7a0b-c9898032e2f7", "tracking_number": "SC9921835", "risk_score": 0.98, "predicted_eta": "2025-11-26 21:10", "anomaly_detected": true}
2026-04-24 23:56:38,758 INFO prediction_event type=shipment_prediction payload={"shipment_id": "4d5b8284-3ef1-3234-6ad4-91bcd408c6fc", "tracking_number": "SC1753031", "risk_score": 0.98, "predicted_eta": "2026-04-18 18:53", "anomaly_detected": true}
2026-04-24 23:56:38,758 INFO prediction_event type=shipment_prediction payload={"shipment_id": "2eba2b90-99fa-c129-4dc6-9015c2906023", "tracking_number": "SC3966636", "risk_score": 0.98, "predicted_eta": "2026-04-12 21:52", "anomaly_detected": true}
2026-04-24 23:56:38,758 INFO prediction_event type=shipment_prediction payload={"shipment_id": "0ac17516-e0d7-3a21-077f-e9d457594b6d", "tracking_number": "SC3153399", "risk_score": 0.98, "predicted_eta": "2026-04-19 05:38", "anomaly_detected": true}
2026-04-24 23:56:38,759 INFO prediction_event type=shipment_prediction payload={"shipment_id": "4ada2426-6a07-c43e-c8af-3c84d783ce3b", "tracking_number": "SC8691719", "risk_score": 0.98, "predicted_eta": "2026-04-14 03:20", "anomaly_detected": true}
2026-04-24 23:56:38,759 INFO prediction_event type=shipment_prediction payload={"shipment_id": "ac2e118b-a253-9aa7-93d8-87f63e83e0e8", "tracking_number": "SC5819902", "risk_score": 0.98, "predicted_eta": "2026-04-19 16:37", "anomaly_detected": true}
2026-04-24 23:56:38,759 INFO prediction_event type=shipment_prediction payload={"shipment_id": "f19a0e65-71a3-8612-a8a4-e9694c9a6afa", "tracking_number": "SC4036335", "risk_score": 0.98, "predicted_eta": "2026-04-13 05:19", "anomaly_detected": true}
2026-04-24 23:56:38,760 INFO prediction_event type=shipment_prediction payload={"shipment_id": "0af08d64-b84e-1f5d-f881-f6825bac7e48", "tracking_number": "SC3896141", "risk_score": 0.98, "predicted_eta": "2026-04-17 03:41", "anomaly_detected": true}
2026-04-24 23:56:38,760 INFO prediction_event type=shipment_prediction payload={"shipment_id": "88ea56e1-f04b-8ce8-27ee-7f9d9e3a5c5e", "tracking_number": "SC5971886", "risk_score": 0.98, "predicted_eta": "2025-11-11 07:53", "anomaly_detected": true}
2026-04-24 23:56:38,760 INFO prediction_event type=shipment_prediction payload={"shipment_id": "c1221414-e728-d7cd-170a-ced4ae85f12f", "tracking_number": "SC8607573", "risk_score": 0.98, "predicted_eta": "2026-04-14 16:19", "anomaly_detected": true}
2026-04-24 23:56:38,760 INFO prediction_event type=shipment_prediction payload={"shipment_id": "097148ec-0f7b-9bcd-6b59-85b97dacb9c2", "tracking_number": "SC7485163", "risk_score": 0.98, "predicted_eta": "2026-04-15 05:37", "anomaly_detected": true}
2026-04-24 23:56:38,761 INFO prediction_event type=shipment_prediction payload={"shipment_id": "2be6e275-ce2f-40e8-e9dc-47d6e423f101", "tracking_number": "SC8845220", "risk_score": 0.98, "predicted_eta": "2026-04-14 23:32", "anomaly_detected": true}
2026-04-24 23:56:38,761 INFO prediction_event type=shipment_prediction payload={"shipment_id": "bc8fb348-3a1a-a2c8-862d-f414f52a0032", "tracking_number": "SC7850070", "risk_score": 0.98, "predicted_eta": "2026-04-13 01:30", "anomaly_detected": true}
2026-04-24 23:56:38,761 INFO prediction_event type=shipment_prediction payload={"shipment_id": "a0d2b32b-a707-02de-53cf-9f16dd341d1d", "tracking_number": "SC6564924", "risk_score": 0.98, "predicted_eta": "2026-04-12 15:42", "anomaly_detected": true}
2026-04-24 23:56:38,762 INFO prediction_event type=shipment_prediction payload={"shipment_id": "4fda2034-20c3-1ff0-fee2-c668cb0996a9", "tracking_number": "SC2412326", "risk_score": 0.98, "predicted_eta": "2026-03-19 16:13", "anomaly_detected": true}
2026-04-24 23:56:38,762 INFO prediction_event type=shipment_prediction payload={"shipment_id": "c0fc1eea-0e0a-e81f-9bbb-802cbe572948", "tracking_number": "SC6254556", "risk_score": 0.98, "predicted_eta": "2026-04-11 09:52", "anomaly_detected": true}
2026-04-24 23:56:38,762 INFO prediction_event type=shipment_prediction payload={"shipment_id": "3bf0d404-f086-30cd-1d4e-7e7ff1147b7d", "tracking_number": "SC9746705", "risk_score": 0.98, "predicted_eta": "2026-04-08 01:26", "anomaly_detected": true}
2026-04-24 23:56:38,762 INFO prediction_event type=shipment_prediction payload={"shipment_id": "56fae189-280c-1c9a-150a-2e60b5fa7d0c", "tracking_number": "SC3373421", "risk_score": 0.98, "predicted_eta": "2026-01-19 02:42", "anomaly_detected": true}
2026-04-24 23:56:38,763 INFO prediction_event type=shipment_prediction payload={"shipment_id": "d6b7daf0-bef7-e3ff-5a5b-a9ca19f3b42f", "tracking_number": "SC4261142", "risk_score": 0.98, "predicted_eta": "2026-04-13 13:45", "anomaly_detected": true}
2026-04-24 23:56:38,763 INFO prediction_event type=shipment_prediction payload={"shipment_id": "366a8be8-4cae-2a83-c559-2227d76b8525", "tracking_number": "SC7631531", "risk_score": 0.98, "predicted_eta": "2026-04-16 20:01", "anomaly_detected": true}
2026-04-24 23:56:38,763 INFO prediction_event type=shipment_prediction payload={"shipment_id": "6020ee91-12dd-1964-66ea-d103c33ac34b", "tracking_number": "SC6322073", "risk_score": 0.98, "predicted_eta": "2026-04-13 23:30", "anomaly_detected": true}
2026-04-24 23:56:38,763 INFO prediction_event type=shipment_prediction payload={"shipment_id": "73689519-2198-0d36-2155-f3d2bbf9d90e", "tracking_number": "SC7636834", "risk_score": 0.98, "predicted_eta": "2026-04-13 00:53", "anomaly_detected": true}
2026-04-24 23:56:38,764 INFO prediction_event type=shipment_prediction payload={"shipment_id": "48b51345-3e64-59f9-9f4a-a884c0b9a37d", "tracking_number": "SC4459434", "risk_score": 0.98, "predicted_eta": "2026-01-22 23:06", "anomaly_detected": true}
2026-04-24 23:56:38,764 INFO prediction_event type=shipment_prediction payload={"shipment_id": "a0cbfc25-dad6-ca53-86bf-8fee152d3623", "tracking_number": "SC7884485", "risk_score": 0.98, "predicted_eta": "2026-04-15 21:04", "anomaly_detected": true}
2026-04-24 23:56:38,764 INFO prediction_event type=shipment_prediction payload={"shipment_id": "4cb4812a-ea5f-acb4-c47c-1c28e7253fc9", "tracking_number": "SC3424948", "risk_score": 0.98, "predicted_eta": "2026-04-14 19:03", "anomaly_detected": true}
2026-04-24 23:56:38,764 INFO prediction_event type=shipment_prediction payload={"shipment_id": "71a96fad-e604-a646-cc70-0f272b56915e", "tracking_number": "SC7490166", "risk_score": 0.98, "predicted_eta": "2026-02-26 15:58", "anomaly_detected": true}
2026-04-24 23:56:38,765 INFO prediction_event type=shipment_prediction payload={"shipment_id": "dee519ae-9911-22f4-33a2-962508ae2767", "tracking_number": "SC2464342", "risk_score": 0.98, "predicted_eta": "2026-04-15 01:41", "anomaly_detected": true}
2026-04-24 23:56:38,765 INFO prediction_event type=shipment_prediction payload={"shipment_id": "6ff80c76-1876-fe4b-f19a-d122ce0ba881", "tracking_number": "SC2175513", "risk_score": 0.98, "predicted_eta": "2026-04-14 08:40", "anomaly_detected": true}
2026-04-24 23:56:38,765 INFO prediction_event type=shipment_prediction payload={"shipment_id": "e5ea75d2-2679-2dc5-1461-325ff53a8213", "tracking_number": "SC9376830", "risk_score": 0.98, "predicted_eta": "2026-04-15 09:20", "anomaly_detected": true}
2026-04-24 23:56:38,765 INFO prediction_event type=shipment_prediction payload={"shipment_id": "bb586d81-f3f2-0ef7-9a57-831f3c18056c", "tracking_number": "SC4933529", "risk_score": 0.98, "predicted_eta": "2026-04-13 02:10", "anomaly_detected": true}
2026-04-24 23:56:38,766 INFO prediction_event type=shipment_prediction payload={"shipment_id": "14dd4bf4-8d9c-9dc6-7e16-0159f3db081b", "tracking_number": "SC9240881", "risk_score": 0.98, "predicted_eta": "2026-02-15 11:25", "anomaly_detected": true}
2026-04-24 23:56:38,766 INFO prediction_event type=shipment_prediction payload={"shipment_id": "71573233-7bc2-fd07-7ab4-bd383752db1d", "tracking_number": "SC7308431", "risk_score": 0.98, "predicted_eta": "2026-04-13 23:12", "anomaly_detected": true}
2026-04-24 23:56:38,766 INFO prediction_event type=shipment_prediction payload={"shipment_id": "502989ef-ac0c-c3a2-32d3-8dc7973e7683", "tracking_number": "SC8748280", "risk_score": 0.98, "predicted_eta": "2026-03-18 08:50", "anomaly_detected": true}
2026-04-24 23:56:38,766 INFO prediction_event type=shipment_prediction payload={"shipment_id": "a9a298f8-e3c6-d652-998c-a8d27afed8cb", "tracking_number": "SC7903070", "risk_score": 0.98, "predicted_eta": "2026-02-04 21:27", "anomaly_detected": true}
2026-04-24 23:56:38,767 INFO prediction_event type=shipment_prediction payload={"shipment_id": "032725e0-de05-2f27-0d55-d26093580562", "tracking_number": "SC1103026", "risk_score": 0.98, "predicted_eta": "2026-04-14 18:00", "anomaly_detected": true}
2026-04-24 23:56:38,767 INFO prediction_event type=shipment_prediction payload={"shipment_id": "f3fc98c6-4a16-e763-972a-2202eede7d9a", "tracking_number": "SC6872120", "risk_score": 0.98, "predicted_eta": "2026-04-12 05:42", "anomaly_detected": true}
2026-04-24 23:56:38,767 INFO prediction_event type=shipment_prediction payload={"shipment_id": "efa4e6dd-118d-768c-b448-14687a8cb853", "tracking_number": "SC3433187", "risk_score": 0.98, "predicted_eta": "2026-04-16 17:04", "anomaly_detected": true}
2026-04-24 23:56:38,767 INFO prediction_event type=shipment_prediction payload={"shipment_id": "b40b4f61-7e9f-f5ca-7c8a-ad6a8eb90caf", "tracking_number": "SC1333066", "risk_score": 0.98, "predicted_eta": "2026-04-15 04:26", "anomaly_detected": true}
2026-04-24 23:56:38,768 INFO prediction_event type=shipment_prediction payload={"shipment_id": "cbbf2b51-8bbc-065e-fc56-4c492116f3d5", "tracking_number": "SC8872537", "risk_score": 0.98, "predicted_eta": "2026-04-02 00:44", "anomaly_detected": true}
2026-04-24 23:56:38,768 INFO prediction_event type=shipment_prediction payload={"shipment_id": "62d4e621-1b6b-150d-cb11-979d8b7952c1", "tracking_number": "SC6112774", "risk_score": 0.98, "predicted_eta": "2026-04-16 18:25", "anomaly_detected": true}
2026-04-24 23:56:38,768 INFO prediction_event type=shipment_prediction payload={"shipment_id": "f2154072-da52-0c98-7d9f-75a159402358", "tracking_number": "SC9725427", "risk_score": 0.98, "predicted_eta": "2025-12-29 13:54", "anomaly_detected": true}
2026-04-24 23:56:38,769 INFO prediction_event type=shipment_prediction payload={"shipment_id": "786d27b9-5940-26d8-d832-7740f7896a57", "tracking_number": "SC8908002", "risk_score": 0.98, "predicted_eta": "2026-04-14 21:13", "anomaly_detected": true}
2026-04-24 23:56:38,769 INFO prediction_event type=shipment_prediction payload={"shipment_id": "fd2b87fd-2382-cb4a-28a5-a7e5f7932e2c", "tracking_number": "SC3997383", "risk_score": 0.98, "predicted_eta": "2026-04-17 02:15", "anomaly_detected": true}
2026-04-24 23:56:38,769 INFO prediction_event type=shipment_prediction payload={"shipment_id": "08d0c945-0c43-aa62-74c2-891ad61148c5", "tracking_number": "SC4600625", "risk_score": 0.98, "predicted_eta": "2026-04-13 14:13", "anomaly_detected": true}
2026-04-24 23:56:38,770 INFO prediction_event type=shipment_prediction payload={"shipment_id": "35527903-4ea6-4d26-cae9-6b1a86424c0c", "tracking_number": "SC1684740", "risk_score": 0.98, "predicted_eta": "2026-04-12 21:42", "anomaly_detected": true}
2026-04-24 23:56:38,770 INFO prediction_event type=shipment_prediction payload={"shipment_id": "3d936d94-9d72-5bea-d0d7-42470e3bc02c", "tracking_number": "SC5706361", "risk_score": 0.98, "predicted_eta": "2026-04-17 17:30", "anomaly_detected": true}
2026-04-24 23:56:38,770 INFO prediction_event type=shipment_prediction payload={"shipment_id": "30134e4f-47a6-2b9b-e603-f4cef70faac3", "tracking_number": "SC2931685", "risk_score": 0.98, "predicted_eta": "2026-01-16 23:49", "anomaly_detected": true}
2026-04-24 23:56:38,770 INFO prediction_event type=shipment_prediction payload={"shipment_id": "651b3e65-27e4-d31f-26c9-fac4cdfe6f20", "tracking_number": "SC9150422", "risk_score": 0.98, "predicted_eta": "2026-04-13 05:15", "anomaly_detected": true}
2026-04-24 23:56:38,771 INFO prediction_event type=shipment_prediction payload={"shipment_id": "58053ef0-eb27-41d8-2888-beb41778e611", "tracking_number": "SC2854579", "risk_score": 0.98, "predicted_eta": "2026-04-17 00:04", "anomaly_detected": true}
2026-04-24 23:56:43,473 INFO prediction_event type=shipment_prediction payload={"shipment_id": "2a6277de-5cf7-77db-6ee2-111ee615136f", "tracking_number": "SC9062864", "risk_score": 0.98, "predicted_eta": "2026-03-26 01:33", "anomaly_detected": true}
2026-04-24 23:56:49,730 INFO prediction_event type=shipment_prediction payload={"shipment_id": "efc365e3-27e2-cd3d-9b35-97ba4f0a713a", "tracking_number": "SC2545294", "risk_score": 0.98, "predicted_eta": "2026-04-15 18:51", "anomaly_detected": true}
2026-04-24 23:57:02,289 INFO prediction_event type=shipment_prediction payload={"shipment_id": "2e1fc467-24da-ee9a-9778-1771d7a65a04", "tracking_number": "SC9500598", "risk_score": 0.98, "predicted_eta": "2026-04-16 22:46", "anomaly_detected": true}
2026-04-24 23:57:11,328 INFO request path=/api/weather/route-advisories method=GET status=200 duration_ms=16.56
2026-04-24 23:57:11,330 INFO request path=/api/weather method=GET status=200 duration_ms=2.57
2026-04-24 23:57:11,330 INFO request path=/api/shipments/stats method=GET status=200 duration_ms=20.62
2026-04-24 23:57:11,399 INFO request path=/api/shipments method=GET status=200 duration_ms=91.19
2026-04-24 23:57:11,400 INFO request path=/api/alerts method=GET status=200 duration_ms=89.30
2026-04-24 23:57:11,401 INFO request path=/api/analytics/kpis method=GET status=200 duration_ms=73.46
2026-04-24 23:57:11,470 INFO request path=/api/analytics/carrier-performance method=GET status=200 duration_ms=67.38
2026-04-24 23:57:11,471 INFO request path=/api/analytics/region-disruptions method=GET status=200 duration_ms=67.23
2026-04-24 23:57:11,471 INFO request path=/api/analytics/ai-insights method=GET status=200 duration_ms=26.81
2026-04-24 23:57:11,471 INFO request path=/api/routes/cities method=GET status=200 duration_ms=20.22
2026-04-24 23:57:11,472 INFO request path=/api/analytics/monthly-trends method=GET status=200 duration_ms=68.63
2026-04-24 23:57:14,836 INFO prediction_event type=shipment_prediction payload={"shipment_id": "dcc094d5-bf6e-0be2-1af6-7af5d2a98398", "tracking_number": "SC5393522", "risk_score": 0.98, "predicted_eta": "2026-04-13 02:42", "anomaly_detected": true}
2026-04-24 23:57:14,847 INFO prediction_event type=shipment_prediction payload={"shipment_id": "08d0c945-0c43-aa62-74c2-891ad61148c5", "tracking_number": "SC4600625", "risk_score": 0.98, "predicted_eta": "2026-04-13 14:13", "anomaly_detected": true}
2026-04-24 23:57:21,129 INFO prediction_event type=shipment_prediction payload={"shipment_id": "d4d8fc4c-face-4e0a-4115-1b24d8b66f54", "tracking_number": "SC6640657", "risk_score": 0.9448, "predicted_eta": "2026-04-13 01:29", "anomaly_detected": true}
2026-04-24 23:57:21,132 INFO prediction_event type=shipment_prediction payload={"shipment_id": "72d782a3-5bda-4838-129e-fe95313a258f", "tracking_number": "SC1100530", "risk_score": 0.98, "predicted_eta": "2026-04-19 18:09", "anomaly_detected": true}
2026-04-24 23:57:27,431 INFO prediction_event type=shipment_prediction payload={"shipment_id": "c3f90c3d-f5e3-a004-05a9-d572be1c55a9", "tracking_number": "SC8461923", "risk_score": 0.98, "predicted_eta": "2026-04-14 10:13", "anomaly_detected": true}
2026-04-24 23:57:27,432 INFO prediction_event type=shipment_prediction payload={"shipment_id": "a0cbfc25-dad6-ca53-86bf-8fee152d3623", "tracking_number": "SC7884485", "risk_score": 0.98, "predicted_eta": "2026-04-15 21:04", "anomaly_detected": true}
2026-04-24 23:57:33,692 INFO prediction_event type=shipment_prediction payload={"shipment_id": "355171f0-3220-a4b8-b9fa-f996ce43a309", "tracking_number": "SC3562160", "risk_score": 0.98, "predicted_eta": "2026-01-02 08:45", "anomaly_detected": true}
2026-04-24 23:57:39,965 INFO prediction_event type=shipment_prediction payload={"shipment_id": "3f4b8eea-4245-d53f-940c-33ab5a9bbbd5", "tracking_number": "SC6285154", "risk_score": 0.9259, "predicted_eta": "2026-04-19 03:16", "anomaly_detected": true}
2026-04-24 23:58:05,111 INFO prediction_event type=shipment_prediction payload={"shipment_id": "f5a6079b-2224-5c0a-e6be-6f08b9bee7dc", "tracking_number": "SC7753348", "risk_score": 0.98, "predicted_eta": "2026-04-16 00:24", "anomaly_detected": true}
2026-04-24 23:58:11,338 INFO request path=/api/weather/route-advisories method=GET status=200 duration_ms=22.36
2026-04-24 23:58:11,339 INFO request path=/api/weather method=GET status=200 duration_ms=2.68
2026-04-24 23:58:11,339 INFO request path=/api/shipments/stats method=GET status=200 duration_ms=25.75
2026-04-24 23:58:11,407 INFO request path=/api/shipments method=GET status=200 duration_ms=94.99
2026-04-24 23:58:11,408 INFO request path=/api/alerts method=GET status=200 duration_ms=93.08
2026-04-24 23:58:11,409 INFO request path=/api/analytics/kpis method=GET status=200 duration_ms=71.25
2026-04-24 23:58:12,646 INFO request path=/api/analytics/monthly-trends method=GET status=200 duration_ms=1234.64
2026-04-24 23:58:12,646 INFO request path=/api/analytics/carrier-performance method=GET status=200 duration_ms=1236.08
2026-04-24 23:58:12,646 INFO request path=/api/analytics/region-disruptions method=GET status=200 duration_ms=1235.02
2026-04-24 23:58:12,647 INFO request path=/api/analytics/ai-insights method=GET status=200 duration_ms=3.32
2026-04-24 23:58:12,647 INFO request path=/api/routes/cities method=GET status=200 duration_ms=3.46
2026-04-24 23:58:17,647 INFO prediction_event type=shipment_prediction payload={"shipment_id": "71a96fad-e604-a646-cc70-0f272b56915e", "tracking_number": "SC7490166", "risk_score": 0.98, "predicted_eta": "2026-02-26 15:58", "anomaly_detected": true}
2026-04-24 23:58:17,648 INFO prediction_event type=shipment_prediction payload={"shipment_id": "d76eedea-92ed-b03b-329c-cfca77b0dfd9", "tracking_number": "SC5066762", "risk_score": 0.98, "predicted_eta": "2026-04-15 07:41", "anomaly_detected": true}
2026-04-24 23:58:23,925 INFO prediction_event type=shipment_prediction payload={"shipment_id": "f925fe10-fab4-241a-1258-1f519d6f0fe5", "tracking_number": "SC4742893", "risk_score": 0.98, "predicted_eta": "2026-04-27 07:10", "anomaly_detected": true}
2026-04-24 23:58:23,927 INFO prediction_event type=shipment_prediction payload={"shipment_id": "7d135822-5d35-0581-ffa4-b24a2063dcf4", "tracking_number": "SC9343028", "risk_score": 0.98, "predicted_eta": "2026-04-23 04:00", "anomaly_detected": true}
2026-04-24 23:58:36,751 INFO prediction_event type=shipment_prediction payload={"shipment_id": "c2a1537d-2739-b5b7-aace-78804c71b70c", "tracking_number": "SC3592770", "risk_score": 0.98, "predicted_eta": "2026-04-12 23:05", "anomaly_detected": true}
2026-04-24 23:58:49,488 INFO prediction_event type=shipment_prediction payload={"shipment_id": "17d2545a-3ed4-3aaa-2ab5-ac438a84b742", "tracking_number": "SC5709135", "risk_score": 0.98, "predicted_eta": "2026-04-17 13:19", "anomaly_detected": true}
2026-04-24 23:58:49,489 INFO prediction_event type=shipment_prediction payload={"shipment_id": "b8ac0cc7-edfa-bbfb-a323-4ad9e717ae1b", "tracking_number": "SC1884158", "risk_score": 0.98, "predicted_eta": "2026-04-12 21:34", "anomaly_detected": true}
2026-04-24 23:58:49,490 INFO prediction_event type=shipment_prediction payload={"shipment_id": "35594020-68fe-fad7-0ade-6511ee1c6504", "tracking_number": "SC1540053", "risk_score": 0.98, "predicted_eta": "2026-04-13 21:36", "anomaly_detected": true}
2026-04-24 23:58:55,784 INFO prediction_event type=shipment_prediction payload={"shipment_id": "18dd36e3-4953-bd9c-0dcd-44fca80fb04d", "tracking_number": "SC9924829", "risk_score": 0.98, "predicted_eta": "2026-04-14 08:11", "anomaly_detected": true}
2026-04-24 23:59:02,149 INFO prediction_event type=shipment_prediction payload={"shipment_id": "ec947b5d-e712-64b7-d820-8b39e8adf20c", "tracking_number": "SC3742195", "risk_score": 0.98, "predicted_eta": "2026-04-13 09:43", "anomaly_detected": true}
2026-04-24 23:59:08,459 INFO prediction_event type=shipment_prediction payload={"shipment_id": "b4ef78f2-b394-43df-5fcc-7aa4a24367f3", "tracking_number": "SC9929603", "risk_score": 0.98, "predicted_eta": "2025-12-30 20:25", "anomaly_detected": true}
2026-04-24 23:59:08,461 INFO prediction_event type=shipment_prediction payload={"shipment_id": "e17901a7-1f44-477b-3d06-ff59f0f574d7", "tracking_number": "SC7966637", "risk_score": 0.98, "predicted_eta": "2026-04-13 23:54", "anomaly_detected": true}
2026-04-24 23:59:11,334 INFO request path=/api/weather/route-advisories method=GET status=200 duration_ms=23.12
2026-04-24 23:59:11,335 INFO request path=/api/weather method=GET status=200 duration_ms=6.53
2026-04-24 23:59:11,335 INFO request path=/api/shipments/stats method=GET status=200 duration_ms=26.93
2026-04-24 23:59:11,402 INFO request path=/api/shipments method=GET status=200 duration_ms=94.83
2026-04-24 23:59:11,402 INFO request path=/api/alerts method=GET status=200 duration_ms=93.73
2026-04-24 23:59:11,403 INFO request path=/api/analytics/kpis method=GET status=200 duration_ms=69.62
2026-04-24 23:59:11,429 INFO request path=/api/analytics/region-disruptions method=GET status=200 duration_ms=22.68
2026-04-24 23:59:11,445 INFO request path=/api/analytics/ai-insights method=GET status=200 duration_ms=18.26
2026-04-24 23:59:11,445 INFO request path=/api/routes/cities method=GET status=200 duration_ms=17.99
2026-04-24 23:59:11,446 INFO request path=/api/analytics/monthly-trends method=GET status=200 duration_ms=40.51
2026-04-24 23:59:11,448 INFO request path=/api/analytics/carrier-performance method=GET status=200 duration_ms=42.77
2026-04-24 23:59:14,765 INFO prediction_event type=shipment_prediction payload={"shipment_id": "ebe05d73-8d74-96f3-aa36-a1729dd7ac92", "tracking_number": "SC2013474", "risk_score": 0.98, "predicted_eta": "2026-04-13 13:13", "anomaly_detected": true}
2026-04-24 23:59:14,769 INFO prediction_event type=shipment_prediction payload={"shipment_id": "6020ee91-12dd-1964-66ea-d103c33ac34b", "tracking_number": "SC6322073", "risk_score": 0.98, "predicted_eta": "2026-04-13 23:30", "anomaly_detected": true}
2026-04-24 23:59:21,116 INFO prediction_event type=shipment_prediction payload={"shipment_id": "58053ef0-eb27-41d8-2888-beb41778e611", "tracking_number": "SC2854579", "risk_score": 0.98, "predicted_eta": "2026-04-17 00:04", "anomaly_detected": true}
2026-04-24 23:59:27,377 INFO prediction_event type=shipment_prediction payload={"shipment_id": "21998710-aa51-08ff-afc6-7ebf70835281", "tracking_number": "SC1969766", "risk_score": 0.8943, "predicted_eta": "2026-04-13 01:59", "anomaly_detected": true}
2026-04-24 23:59:27,378 INFO prediction_event type=shipment_prediction payload={"shipment_id": "4359a020-d904-ca1c-9882-a6b52642193a", "tracking_number": "SC4802243", "risk_score": 0.9709, "predicted_eta": "2026-04-16 16:56", "anomaly_detected": true}
2026-04-24 23:59:33,653 INFO prediction_event type=shipment_prediction payload={"shipment_id": "355b60c8-03f4-1a10-b325-19b9c3ea29c0", "tracking_number": "SC1567681", "risk_score": 0.98, "predicted_eta": "2026-04-13 05:58", "anomaly_detected": true}
2026-04-24 23:59:39,994 INFO prediction_event type=shipment_prediction payload={"shipment_id": "8697c97e-ac6f-47eb-03af-3328cdce56f5", "tracking_number": "SC7787015", "risk_score": 0.7806, "predicted_eta": "2026-04-13 12:59", "anomaly_detected": false}
2026-04-24 23:59:46,341 INFO prediction_event type=shipment_prediction payload={"shipment_id": "3d936d94-9d72-5bea-d0d7-42470e3bc02c", "tracking_number": "SC5706361", "risk_score": 0.98, "predicted_eta": "2026-04-17 17:30", "anomaly_detected": true}
2026-04-24 23:59:46,341 INFO prediction_event type=shipment_prediction payload={"shipment_id": "4be4040d-3b28-ad0b-c8ff-2a37bc6af8c1", "tracking_number": "SC1815854", "risk_score": 0.98, "predicted_eta": "2025-10-21 19:29", "anomaly_detected": true}
2026-04-24 23:59:46,342 INFO prediction_event type=shipment_prediction payload={"shipment_id": "d4e5e596-c02a-a4f0-94be-dcb8aee347ce", "tracking_number": "SC9488587", "risk_score": 0.98, "predicted_eta": "2026-04-11 07:50", "anomaly_detected": true}
2026-04-24 23:59:46,342 INFO prediction_event type=shipment_prediction payload={"shipment_id": "5aa9c51a-a33a-30d9-5825-1552e051e25f", "tracking_number": "SC7144270", "risk_score": 0.98, "predicted_eta": "2026-04-12 21:20", "anomaly_detected": true}
2026-04-24 23:59:59,346 INFO prediction_event type=shipment_prediction payload={"shipment_id": "2e1fc467-24da-ee9a-9778-1771d7a65a04", "tracking_number": "SC9500598", "risk_score": 0.98, "predicted_eta": "2026-04-16 22:46", "anomaly_detected": true}
2026-04-24 23:59:59,347 INFO prediction_event type=shipment_prediction payload={"shipment_id": "9de2e583-f663-6520-bb23-bf2de8c46d47", "tracking_number": "SC3457584", "risk_score": 0.98, "predicted_eta": "2026-03-27 22:04", "anomaly_detected": true}
2026-04-25 00:00:05,822 INFO prediction_event type=shipment_prediction payload={"shipment_id": "c2ea25b4-efa8-dcf6-4d9f-861e86eb5947", "tracking_number": "SC9669979", "risk_score": 0.98, "predicted_eta": "2026-04-13 13:39", "anomaly_detected": true}
2026-04-25 00:00:11,320 INFO request path=/api/weather/route-advisories method=GET status=200 duration_ms=9.46
2026-04-25 00:00:11,376 INFO request path=/api/weather method=GET status=200 duration_ms=56.88
2026-04-25 00:00:11,376 INFO request path=/api/shipments/stats method=GET status=200 duration_ms=66.36
2026-04-25 00:00:11,377 INFO request path=/api/shipments method=GET status=200 duration_ms=67.76
2026-04-25 00:00:11,383 INFO request path=/api/alerts method=GET status=200 duration_ms=73.08
2026-04-25 00:00:11,385 INFO request path=/api/analytics/kpis method=GET status=200 duration_ms=65.11
2026-04-25 00:00:11,429 INFO request path=/api/analytics/ai-insights method=GET status=200 duration_ms=21.80
2026-04-25 00:00:11,429 INFO request path=/api/analytics/carrier-performance method=GET status=200 duration_ms=42.52
2026-04-25 00:00:11,430 INFO request path=/api/analytics/region-disruptions method=GET status=200 duration_ms=41.71
2026-04-25 00:00:11,430 INFO request path=/api/analytics/monthly-trends method=GET status=200 duration_ms=43.38
2026-04-25 00:00:11,431 INFO request path=/api/routes/cities method=GET status=200 duration_ms=2.14
